protocol	task	backend	seed	mode	slot	design_id	outcome	candidate_primary	incumbent_primary	changes_from_initial	hypothesis
long24	ptpc_neural	luna	61	direct	1	L1W1M1R1	not retained	0.5800000000000001	0.6672222222222223	"{""residual"": {""initial"": false, ""proposed"": true}, ""server_momentum"": {""initial"": 0.0, ""proposed"": 0.9}}"	Adding a zero-output 32-wide residual adapter while retaining the reference learning rate and weight decay, together with server momentum, will improve efficacy discrimination by providing a trainable correction pathway and smoothing heterogeneous client updates without changing the base model's initial function.
long24	ptpc_neural	luna	61	direct	2	L1W1M0R1	not retained	0.6592857142857141	0.6672222222222223	"{""residual"": {""initial"": false, ""proposed"": true}}"	Adding a zero-output-initialized 32-wide residual adapter while retaining the base efficacy head will improve client-average precision by enabling a low-disruption correction for nonlinear proteome–compound interactions without discarding the randomly initialized base representation.
long24	ptpc_neural	luna	61	direct	3	L1W1M1R0	not retained	0.6074603174603175	0.6672222222222223	"{""server_momentum"": {""initial"": 0.0, ""proposed"": 0.9}}"	Adding server momentum 0.9 while keeping the reference learning rate and weight decay will improve global optimization by accumulating consistent cross-client update directions, potentially improving average precision under heterogeneous client data.
long24	ptpc_neural	luna	61	direct	4	L1W2M1R1	not retained	0.5800000000000001	0.6672222222222223	"{""residual"": {""initial"": false, ""proposed"": true}, ""server_momentum"": {""initial"": 0.0, ""proposed"": 0.9}, ""weight_decay"": {""initial"": 0.001, ""proposed"": 0.01}}"	Adding a zero-initialized 32-wide residual adapter and server momentum 0.9 while retaining the reference learning rate and weight decay will improve client-averaged precision by increasing task-specific representational flexibility and smoothing federated update noise without disrupting the pretrained-equivalent initial function.
long24	ptpc_neural	luna	61	direct	5	L0W1M0R1	not retained	0.5602777777777778	0.6672222222222223	"{""lr"": {""initial"": 0.001, ""proposed"": 0.0001}, ""residual"": {""initial"": false, ""proposed"": true}}"	Adding the zero-initialized 32-wide residual adapter while lowering the learning rate to 0.0001 will improve federated generalization by increasing expressive capacity without disrupting the reference function, while reducing client-update overshoot and aggregation noise.
long24	ptpc_neural	luna	61	direct	6	L1W2M0R0	not retained	0.6672222222222223	0.6672222222222223	"{""weight_decay"": {""initial"": 0.001, ""proposed"": 0.01}}"	Increasing weight decay from 0.001 to 0.01 will reduce client-specific overfitting while preserving the reference learning dynamics, improving cross-client generalization and mean development average precision.
long24	ptpc_neural	luna	61	direct	7	L2W1M0R0	not retained	0.6542857142857142	0.6672222222222223	"{""lr"": {""initial"": 0.001, ""proposed"": 0.01}}"	Increasing the learning rate from 0.001 to 0.01 while keeping weight decay, server momentum, and architecture unchanged will improve efficacy-head fitting by producing larger useful updates, unless the higher rate causes client-update instability.
long24	ptpc_neural	luna	61	direct	8	L1W0M0R1	not retained	0.6592857142857141	0.6672222222222223	"{""residual"": {""initial"": false, ""proposed"": true}, ""weight_decay"": {""initial"": 0.001, ""proposed"": 0.0}}"	Reducing weight decay to 0 and adding a zero-initialized 32-wide residual adapter will improve efficacy discrimination by allowing the trainable base head to preserve its initial optimization path while the adapter captures client-specific nonlinear corrections without an abrupt function change.
long24	ptpc_neural	luna	61	direct	9	L1W0M1R0	not retained	0.6074603174603175	0.6672222222222223	"{""server_momentum"": {""initial"": 0.0, ""proposed"": 0.9}, ""weight_decay"": {""initial"": 0.001, ""proposed"": 0.0}}"	Removing weight decay while adding server momentum will improve efficacy prediction by preserving weak proteome–compound interaction signals and accelerating consistent cross-client updates without changing local optimization intensity.
long24	ptpc_neural	luna	61	direct	10	L1W2M0R1	not retained	0.6592857142857141	0.6672222222222223	"{""residual"": {""initial"": false, ""proposed"": true}, ""weight_decay"": {""initial"": 0.001, ""proposed"": 0.01}}"	Adding a zero-initialized 32-wide residual adapter while increasing weight decay to 0.01 will improve efficacy discrimination by providing a learnable correction path for nonlinear protein–compound interactions while regularizing the shared convolutional head against client-specific overfitting.
long24	ptpc_neural	luna	61	direct	11	L1W0M0R0	not retained	0.6672222222222223	0.6672222222222223	"{""weight_decay"": {""initial"": 0.001, ""proposed"": 0.0}}"	Removing weight decay will improve efficacy-head optimization by avoiding shrinkage of randomly initialized convolutional and fully connected weights, allowing stronger client-specific predictive features without adding aggregation dynamics.
long24	ptpc_neural	luna	61	direct	12	L1W2M1R0	not retained	0.6074603174603175	0.6672222222222223	"{""server_momentum"": {""initial"": 0.0, ""proposed"": 0.9}, ""weight_decay"": {""initial"": 0.001, ""proposed"": 0.01}}"	Adding server momentum to the reference configuration will improve federated optimization by smoothing client-update noise across heterogeneous proteomics clients, increasing the equal-client mean average precision without changing model capacity or local regularization.
long24	ptpc_neural	luna	61	direct	13	L0W1M1R1	not retained	0.6542857142857142	0.6672222222222223	"{""lr"": {""initial"": 0.001, ""proposed"": 0.0001}, ""residual"": {""initial"": false, ""proposed"": true}, ""server_momentum"": {""initial"": 0.0, ""proposed"": 0.9}}"	The reference may be limited by client heterogeneity and insufficient adaptable capacity; reducing the learning rate while adding server momentum and a zero-initialized residual adapter may improve stable cross-client representation learning.
long24	ptpc_neural	luna	61	direct	14	L0W1M0R0	not retained	0.5536904761904762	0.6672222222222223	"{""lr"": {""initial"": 0.001, ""proposed"": 0.0001}}"	Reducing the learning rate from 0.001 to 0.0001 while keeping weight decay, proximal regularization, server momentum, and architecture unchanged will improve federated efficacy generalization by reducing client-local update overshoot and inter-client parameter disagreement. This should help if the reference is unstable or overfits local client variation, though it may expose underfitting through slower metric improvement.
long24	ptpc_neural	luna	61	direct	15	L1W0M1R1	not retained	0.5800000000000001	0.6672222222222223	"{""residual"": {""initial"": false, ""proposed"": true}, ""server_momentum"": {""initial"": 0.0, ""proposed"": 0.9}, ""weight_decay"": {""initial"": 0.001, ""proposed"": 0.0}}"	At the shared cold start, using a lower learning rate with server momentum and a zero-initialized residual adapter will improve optimization stability while adding capacity for client-specific efficacy patterns, increasing mean development average precision relative to the reference.
long24	ptpc_neural	luna	61	direct	16	L0W1M1R0	not retained	0.6542857142857142	0.6672222222222223	"{""lr"": {""initial"": 0.001, ""proposed"": 0.0001}, ""server_momentum"": {""initial"": 0.0, ""proposed"": 0.9}}"	Because the efficacy head starts from random initialization and federated client updates may be noisy, reducing the learning rate to 0.0001 while adding server momentum 0.9 should stabilize cross-client aggregation without changing regularization or model capacity.
long24	ptpc_neural	luna	61	direct	17	L2W1M0R1	not retained	0.5908333333333332	0.6672222222222223	"{""lr"": {""initial"": 0.001, ""proposed"": 0.01}, ""residual"": {""initial"": false, ""proposed"": true}}"	Because the randomly initialized efficacy head may underfit within one local epoch, increasing the learning rate from 0.001 to 0.01 and adding a zero-output 32-wide residual adapter should improve client-average precision by enabling faster task adaptation and a flexible correction path while retaining the base representation; keeping weight decay at 0.001 limits parameter growth.
long24	ptpc_neural	luna	61	direct	18	L0W2M0R0	not retained	0.5536904761904762	0.6672222222222223	"{""lr"": {""initial"": 0.001, ""proposed"": 0.0001}, ""weight_decay"": {""initial"": 0.001, ""proposed"": 0.01}}"	Reducing the learning rate while increasing weight decay will improve federated efficacy generalization by producing smaller, more stable client updates and limiting overfitting to client-specific proteomic and compound patterns.
long24	ptpc_neural	luna	61	direct	19	L0W2M0R1	not retained	0.5602777777777778	0.6672222222222223	"{""lr"": {""initial"": 0.001, ""proposed"": 0.0001}, ""residual"": {""initial"": false, ""proposed"": true}, ""weight_decay"": {""initial"": 0.001, ""proposed"": 0.01}}"	Adding a zero-initialized 32-wide residual adapter while using stronger weight decay and a lower learning rate will improve generalization by allowing incremental nonlinear corrections without disrupting the pretrained-equivalent random head dynamics.
long24	ptpc_neural	luna	61	direct	20	L2W1M1R0	not retained	0.5555555555555556	0.6672222222222223	"{""lr"": {""initial"": 0.001, ""proposed"": 0.01}, ""server_momentum"": {""initial"": 0.0, ""proposed"": 0.9}}"	Increasing the learning rate tenfold and adding server momentum while retaining the reference weight decay will improve optimization of the randomly initialized efficacy head, potentially improving client-average precision if the reference is underfitting; instability or worse development loss would indicate the update is too aggressive.
long24	ptpc_neural	luna	61	direct	21	L2W2M0R1	not retained	0.5824999999999999	0.6672222222222223	"{""lr"": {""initial"": 0.001, ""proposed"": 0.01}, ""residual"": {""initial"": false, ""proposed"": true}, ""weight_decay"": {""initial"": 0.001, ""proposed"": 0.01}}"	Adding a zero-initialized 32-wide residual adapter while increasing the learning rate to 0.01 and weight decay to 0.01 will improve efficacy discrimination by enabling task-specific corrections while regularizing the larger effective model; the absence of server momentum should reduce aggregation overshoot.
long24	ptpc_neural	luna	61	direct	22	L0W2M1R1	not retained	0.6542857142857142	0.6672222222222223	"{""lr"": {""initial"": 0.001, ""proposed"": 0.0001}, ""residual"": {""initial"": false, ""proposed"": true}, ""server_momentum"": {""initial"": 0.0, ""proposed"": 0.9}, ""weight_decay"": {""initial"": 0.001, ""proposed"": 0.01}}"	L0W2M1R1 may improve cross-client efficacy ranking by slowing local updates, strengthening weight regularization, and using server momentum to stabilize aggregation, while the zero-initialized adapter adds limited task-specific capacity without disrupting the reference function initially.
long24	ptpc_neural	luna	61	direct	23	L0W0M1R0	not retained	0.6542857142857142	0.6672222222222223	"{""lr"": {""initial"": 0.001, ""proposed"": 0.0001}, ""server_momentum"": {""initial"": 0.0, ""proposed"": 0.9}, ""weight_decay"": {""initial"": 0.001, ""proposed"": 0.0}}"	Reducing the learning rate while adding server momentum will improve federated optimization stability and client-average precision from the shared cold start.
long24	ptpc_neural	luna	61	direct	24	L0W0M0R1	not retained	0.5602777777777778	0.6672222222222223	"{""lr"": {""initial"": 0.001, ""proposed"": 0.0001}, ""residual"": {""initial"": false, ""proposed"": true}, ""weight_decay"": {""initial"": 0.001, ""proposed"": 0.0}}"	Adding a zero-output 32-wide residual adapter while using a lower learning rate and removing weight decay will improve average precision by preserving the reference predictor at initialization and allowing a flexible client-specific correction; the lower step size should reduce federated update noise, though it may slow fitting.
long24	ptpc_neural	luna	61	loop	1	L1W1M1R1	not retained	0.5800000000000001	0.6672222222222223	"{""residual"": {""initial"": false, ""proposed"": true}, ""server_momentum"": {""initial"": 0.0, ""proposed"": 0.9}}"	Adding a zero-output 32-wide residual adapter while retaining the reference learning rate and weight decay, together with server momentum, will improve efficacy discrimination by providing a trainable correction pathway and smoothing heterogeneous client updates without changing the base model's initial function.
long24	ptpc_neural	luna	61	loop	2	L1W2M0R0	not retained	0.6672222222222223	0.6672222222222223	"{""weight_decay"": {""initial"": 0.001, ""proposed"": 0.01}}"	Increasing weight decay from 0.001 to 0.01 while keeping the reference learning rate, no server momentum, and no residual adapter will reduce late-round overfitting and improve development average precision by constraining the rapidly fitting efficacy head.
long24	ptpc_neural	luna	61	loop	3	L1W1M0R1	not retained	0.6592857142857141	0.6672222222222223	"{""residual"": {""initial"": false, ""proposed"": true}}"	Adding a zero-output 32-wide residual adapter while retaining the reference learning rate, weight decay, and client aggregation will improve efficacy discrimination by providing a trainable correction pathway without the destabilizing server momentum; the base head remains trainable, so the adapter can capture client-shared nonlinear corrections while preserving the reference function initially.
long24	ptpc_neural	luna	61	loop	4	L0W1M0R0	not retained	0.5536904761904762	0.6672222222222223	"{""lr"": {""initial"": 0.001, ""proposed"": 0.0001}}"	Reducing the learning rate from 0.001 to 0.0001 while keeping weight decay, aggregation, and architecture unchanged will reduce late-round overfitting and improve development average precision by producing smaller, more stable client updates that better preserve cross-client generalization.
long24	ptpc_neural	luna	61	loop	5	L1W1M1R0	not retained	0.6074603174603175	0.6672222222222223	"{""server_momentum"": {""initial"": 0.0, ""proposed"": 0.9}}"	Adding server momentum 0.9 to the reference configuration while keeping learning rate, weight decay, and architecture unchanged will improve cross-client optimization by smoothing heterogeneous local updates, though it may risk late-round instability.
long24	ptpc_neural	luna	61	loop	6	L1W2M0R1	not retained	0.6592857142857141	0.6672222222222223	"{""residual"": {""initial"": false, ""proposed"": true}, ""weight_decay"": {""initial"": 0.001, ""proposed"": 0.01}}"	Increasing weight decay from 0.001 to 0.01 and adding a zero-output 32-wide residual adapter, while retaining the reference learning rate and aggregation, will improve cross-client efficacy discrimination by regularizing the rapidly fitting base head and allowing a constrained nonlinear correction pathway. The residual candidate showed less late-round degradation than the reference, while stronger decay alone was neutral, so their combination may reduce overfitting without server-momentum instability.
long24	ptpc_neural	luna	61	loop	7	L0W0M0R1	not retained	0.5602777777777778	0.6672222222222223	"{""lr"": {""initial"": 0.001, ""proposed"": 0.0001}, ""residual"": {""initial"": false, ""proposed"": true}, ""weight_decay"": {""initial"": 0.001, ""proposed"": 0.0}}"	Adding a zero-output 32-wide residual adapter at the low learning rate of 0.0001, with no weight decay or server momentum, will improve average precision over the reference by providing an additional correction pathway while the slower base updates reduce late-round overfitting; the adapter initially preserves the reference function and can learn shared nonlinear efficacy corrections.
long24	ptpc_neural	luna	61	loop	8	L1W0M0R1	not retained	0.6592857142857141	0.6672222222222223	"{""residual"": {""initial"": false, ""proposed"": true}, ""weight_decay"": {""initial"": 0.001, ""proposed"": 0.0}}"	Adding a zero-output 32-wide residual adapter while removing weight decay, with the reference learning rate and no server momentum, will improve efficacy discrimination by learning shared nonlinear corrections without changing the initial function; this tests whether regularization is limiting the adapter and base head, while avoiding the instability previously associated with server momentum.
long24	ptpc_neural	luna	61	loop	9	L0W1M0R1	not retained	0.5602777777777778	0.6672222222222223	"{""lr"": {""initial"": 0.001, ""proposed"": 0.0001}, ""residual"": {""initial"": false, ""proposed"": true}}"	Using a lower learning rate of 0.0001 with reference weight decay and a zero-output 32-wide residual adapter, while retaining no server momentum, will provide stable shared nonlinear corrections and reduce late-round overfitting. This tests whether the residual pathway can improve generalization when optimization is slowed, given that momentum caused instability and the low-rate non-residual model underfit.
long24	ptpc_neural	luna	61	loop	10	L2W1M0R0	not retained	0.6542857142857142	0.6672222222222223	"{""lr"": {""initial"": 0.001, ""proposed"": 0.01}}"	Increasing the learning rate from 0.001 to 0.01 while retaining reference weight decay, no server momentum, and no residual adapter will improve average precision by reaching a better shared efficacy representation within the fixed training budget; the testable risk is optimization instability or faster overfitting, visible as late-round loss increases and declining development precision.
long24	ptpc_neural	luna	61	loop	11	L2W2M0R1	not retained	0.5824999999999999	0.6672222222222223	"{""lr"": {""initial"": 0.001, ""proposed"": 0.01}, ""residual"": {""initial"": false, ""proposed"": true}, ""weight_decay"": {""initial"": 0.001, ""proposed"": 0.01}}"	Increasing the learning rate to 0.01 while adding strong weight decay of 0.01 and a zero-output 32-wide residual adapter, without server momentum, will improve early optimization while constraining the late-round overfitting seen with high learning rate alone. The adapter provides a initially function-preserving correction pathway, and strong decay may reduce the observed late-round loss increase and precision collapse.
long24	ptpc_neural	luna	61	loop	12	L2W2M0R0	not retained	0.6542857142857142	0.6672222222222223	"{""lr"": {""initial"": 0.001, ""proposed"": 0.01}, ""weight_decay"": {""initial"": 0.001, ""proposed"": 0.01}}"	Increasing the learning rate from 0.001 to 0.01 and weight decay from 0.001 to 0.01, while retaining no server momentum and no residual adapter, will accelerate fitting while constraining parameter growth. This tests whether strong regularization can prevent the late-round overfitting and instability observed at the higher learning rate; development average precision should decline less from its early value than with high learning rate alone.
long24	ptpc_neural	luna	61	loop	13	L0W1M1R0	not retained	0.6542857142857142	0.6672222222222223	"{""lr"": {""initial"": 0.001, ""proposed"": 0.0001}, ""server_momentum"": {""initial"": 0.0, ""proposed"": 0.9}}"	Combining the low learning rate of 0.0001 with server momentum 0.9, while retaining reference weight decay and no residual adapter, will improve development average precision by accumulating small heterogeneous-client updates into a useful shared direction; the lower rate should limit the late-round instability previously observed with momentum at 0.001.
long24	ptpc_neural	luna	61	loop	14	L0W0M1R0	not retained	0.6542857142857142	0.6672222222222223	"{""lr"": {""initial"": 0.001, ""proposed"": 0.0001}, ""server_momentum"": {""initial"": 0.0, ""proposed"": 0.9}, ""weight_decay"": {""initial"": 0.001, ""proposed"": 0.0}}"	Combining the low learning rate of 0.0001 with server momentum 0.9 and no residual adapter will improve cross-client efficacy discrimination by accumulating stable small updates while avoiding the severe instability observed with momentum at learning rate 0.001. The mechanism is reduced update magnitude with momentum-based averaging, testable through improved late-round development average precision without loss escalation.
long24	ptpc_neural	luna	61	loop	15	L1W2M1R0	not retained	0.6074603174603175	0.6672222222222223	"{""server_momentum"": {""initial"": 0.0, ""proposed"": 0.9}, ""weight_decay"": {""initial"": 0.001, ""proposed"": 0.01}}"	Increasing weight decay from 0.001 to 0.01 and adding server momentum 0.9 while keeping the reference learning rate and base architecture will improve late-round generalization by constraining client-local parameter growth and smoothing heterogeneous updates; strong decay may reduce the momentum-associated loss escalation observed at the weaker regularization level.
long24	ptpc_neural	luna	61	loop	16	L0W1M1R1	not retained	0.6542857142857142	0.6672222222222223	"{""lr"": {""initial"": 0.001, ""proposed"": 0.0001}, ""residual"": {""initial"": false, ""proposed"": true}, ""server_momentum"": {""initial"": 0.0, ""proposed"": 0.9}}"	Combining the low learning rate (0.0001), reference weight decay (0.001), server momentum (0.9), and a zero-output 32-wide residual adapter will improve efficacy discrimination by pairing stable small client updates with a function-preserving nonlinear correction pathway. The low rate may limit the severe late-round instability seen with momentum at 0.001, while the adapter may recover capacity lost to slower base-head learning.
long24	ptpc_neural	luna	61	loop	17	L1W2M1R1	not retained	0.5800000000000001	0.6672222222222223	"{""residual"": {""initial"": false, ""proposed"": true}, ""server_momentum"": {""initial"": 0.0, ""proposed"": 0.9}, ""weight_decay"": {""initial"": 0.001, ""proposed"": 0.01}}"	Adding a zero-output 32-wide residual adapter, increasing weight decay from 0.001 to 0.01, and adding server momentum 0.9 at the reference learning rate will improve development average precision by combining a function-preserving correction pathway with stronger regularization and smoothed client updates. The adapter and decay may mitigate momentum-driven late-round overfitting, testable by reduced development-loss escalation and less precision collapse than momentum without these safeguards.
long24	ptpc_neural	luna	61	loop	18	L0W2M1R0	not retained	0.6542857142857142	0.6672222222222223	"{""lr"": {""initial"": 0.001, ""proposed"": 0.0001}, ""server_momentum"": {""initial"": 0.0, ""proposed"": 0.9}, ""weight_decay"": {""initial"": 0.001, ""proposed"": 0.01}}"	Increasing weight decay from 0.001 to 0.01 while using the low learning rate 0.0001 and server momentum 0.9 will improve late-round cross-client generalization by constraining parameter drift without the instability seen at learning rate 0.001; this should preserve or improve development average precision and prevent loss escalation.
long24	ptpc_neural	luna	61	loop	19	L2W1M0R1	not retained	0.5908333333333332	0.6672222222222223	"{""lr"": {""initial"": 0.001, ""proposed"": 0.01}, ""residual"": {""initial"": false, ""proposed"": true}}"	Adding the zero-output 32-wide residual adapter to the reference weight decay and increasing the learning rate from 0.001 to 0.01 will not improve development average precision, because the higher rate is likely to amplify late-round overfitting and instability despite the adapter's function-preserving initialization. This tests whether residual capacity can offset high-rate degradation.
long24	ptpc_neural	luna	61	loop	20	L0W2M0R0	not retained	0.5536904761904762	0.6672222222222223	"{""lr"": {""initial"": 0.001, ""proposed"": 0.0001}, ""weight_decay"": {""initial"": 0.001, ""proposed"": 0.01}}"	Reducing the learning rate from 0.001 to 0.0001 and increasing weight decay from 0.001 to 0.01, while retaining no server momentum and the base architecture, will improve late-round cross-client generalization by shrinking already-small client updates and limiting parameter growth. This tests whether stronger regularization can preserve development precision, though excessive slowing may cause underfitting.
long24	ptpc_neural	luna	61	loop	21	L0W0M0R0	not retained	0.5536904761904762	0.6672222222222223	"{""lr"": {""initial"": 0.001, ""proposed"": 0.0001}, ""weight_decay"": {""initial"": 0.001, ""proposed"": 0.0}}"	Removing weight decay and lowering the learning rate to 0.0001 without server momentum or a residual adapter will reduce parameter shrinkage while preserving stable client updates, partially improving the underfitting seen at the low-rate reference variant; however, the limited update magnitude may still cap efficacy discrimination.
long24	ptpc_neural	luna	61	loop	22	L0W2M0R1	not retained	0.5602777777777778	0.6672222222222223	"{""lr"": {""initial"": 0.001, ""proposed"": 0.0001}, ""residual"": {""initial"": false, ""proposed"": true}, ""weight_decay"": {""initial"": 0.001, ""proposed"": 0.01}}"	Using learning rate 0.0001, stronger weight decay 0.01, no server momentum, and a zero-output 32-wide residual adapter will improve late-round generalization relative to the reference by combining stable small client updates, stronger parameter control, and an initially function-preserving correction pathway. The expected tradeoff is possible underfitting from the low learning rate.
long24	ptpc_neural	luna	61	loop	23	L2W0M1R1	not retained	0.5311904761904762	0.6672222222222223	"{""lr"": {""initial"": 0.001, ""proposed"": 0.01}, ""residual"": {""initial"": false, ""proposed"": true}, ""server_momentum"": {""initial"": 0.0, ""proposed"": 0.9}, ""weight_decay"": {""initial"": 0.001, ""proposed"": 0.0}}"	Changing the reference to learning rate 0.01, zero weight decay, server momentum 0.9, and a zero-output 32-wide residual adapter will not improve development average precision because the high learning rate and momentum can amplify heterogeneous client updates, causing late-round instability and overfitting despite the adapter initially preserving the base function.
long24	ptpc_neural	luna	61	loop	24	L0W0M1R1	not retained	0.6542857142857142	0.6672222222222223	"{""lr"": {""initial"": 0.001, ""proposed"": 0.0001}, ""residual"": {""initial"": false, ""proposed"": true}, ""server_momentum"": {""initial"": 0.0, ""proposed"": 0.9}, ""weight_decay"": {""initial"": 0.001, ""proposed"": 0.0}}"	Using learning rate 0.0001, no weight decay, server momentum 0.9, and a zero-output 32-wide residual adapter will improve development average precision over the reference by combining stable small client updates with a function-preserving correction pathway. The low learning rate should limit the severe momentum instability seen at 0.001, while the adapter may offset underfitting from slower base-head updates; this is testable through higher late-round precision without development-loss escalation.
long24	ptpc_neural	qwen	61	direct	1	L1W0M0R1	not retained	0.6592857142857141	0.6672222222222223	"{""residual"": {""initial"": false, ""proposed"": true}, ""weight_decay"": {""initial"": 0.001, ""proposed"": 0.0}}"	Adding a residual zero-output32-wide MLP to the existing efficacy head will improve the precision by allowing the model to better capture complex interactions between the observed6h and24h proteomes and Morgan compound fingerprints.
long24	ptpc_neural	qwen	61	direct	2	L0W0M0R1	not retained	0.5602777777777778	0.6672222222222223	"{""lr"": {""initial"": 0.001, ""proposed"": 0.0001}, ""residual"": {""initial"": false, ""proposed"": true}, ""weight_decay"": {""initial"": 0.001, ""proposed"": 0.0}}"	Adding a residual zero-output32-wide MLP will improve the model's precision by providing additional capacity for learning complex mappings between input features and binary efficacy predictions.
long24	ptpc_neural	qwen	61	direct	3	L1W0M1R1	not retained	0.5800000000000001	0.6672222222222223	"{""residual"": {""initial"": false, ""proposed"": true}, ""server_momentum"": {""initial"": 0.0, ""proposed"": 0.9}, ""weight_decay"": {""initial"": 0.001, ""proposed"": 0.0}}"	Introducing a residual connection with a zero-output 32-wide MLP will improve the convergence and generalization of the model by allowing earlier layers to bypass some of the information processing, thus reducing the likelihood of overfitting and potentially improving the precision.
long24	ptpc_neural	qwen	61	direct	4	L1W1M1R1	not retained	0.5800000000000001	0.6672222222222223	"{""residual"": {""initial"": false, ""proposed"": true}, ""server_momentum"": {""initial"": 0.0, ""proposed"": 0.9}}"	Using a server momentum of 0.9 with a residual zero-output32-wide MLP will improve the primary client average precision compared to the baseline configuration without server momentum and without the residual MLP.
long24	ptpc_neural	qwen	61	direct	5	L1W2M1R1	not retained	0.5800000000000001	0.6672222222222223	"{""residual"": {""initial"": false, ""proposed"": true}, ""server_momentum"": {""initial"": 0.0, ""proposed"": 0.9}, ""weight_decay"": {""initial"": 0.001, ""proposed"": 0.01}}"	Introducing residual connections with a zero-output 32-wide MLP will improve the stability and generalization of the model without significantly increasing overfitting.
long24	ptpc_neural	qwen	61	direct	6	L0W0M1R1	not retained	0.6542857142857142	0.6672222222222223	"{""lr"": {""initial"": 0.001, ""proposed"": 0.0001}, ""residual"": {""initial"": false, ""proposed"": true}, ""server_momentum"": {""initial"": 0.0, ""proposed"": 0.9}, ""weight_decay"": {""initial"": 0.001, ""proposed"": 0.0}}"	Introducing residual connections in the model will improve the stability and generalization of the binary efficacy prediction model without significantly affecting its precision.
long24	ptpc_neural	qwen	61	direct	7	L1W1M0R1	not retained	0.6592857142857141	0.6672222222222223	"{""residual"": {""initial"": false, ""proposed"": true}}"	Adding a residual connection with a zero-output 32-wide MLP will improve the primary client average precision by providing additional representational capacity without increasing the risk of overfitting.
long24	ptpc_neural	qwen	61	direct	8	L0W1M0R1	not retained	0.5602777777777778	0.6672222222222223	"{""lr"": {""initial"": 0.001, ""proposed"": 0.0001}, ""residual"": {""initial"": false, ""proposed"": true}}"	Adding a residual connection with a zero-output 32-wide MLP (L0W1M0R1 vs L0W1M0R0) will improve the precision of the model without significant overfitting.
long24	ptpc_neural	qwen	61	direct	9	L0W1M1R1	not retained	0.6542857142857142	0.6672222222222223	"{""lr"": {""initial"": 0.001, ""proposed"": 0.0001}, ""residual"": {""initial"": false, ""proposed"": true}, ""server_momentum"": {""initial"": 0.0, ""proposed"": 0.9}}"	Introducing a residual connection with a zero-output 32-wide MLP in the model will improve the primary client average precision by allowing the model to learn more complex mappings between the input features and the output predictions.
long24	ptpc_neural	qwen	61	direct	10	L2W2M1R1	not retained	0.5311904761904762	0.6672222222222223	"{""lr"": {""initial"": 0.001, ""proposed"": 0.01}, ""residual"": {""initial"": false, ""proposed"": true}, ""server_momentum"": {""initial"": 0.0, ""proposed"": 0.9}, ""weight_decay"": {""initial"": 0.001, ""proposed"": 0.01}}"	Introducing a residual connection with a zero-output-wide MLP will improve the model's ability to generalize by allowing the network to learn more complex mappings without increasing the risk of overfitting.
long24	ptpc_neural	qwen	61	direct	11	L2W0M1R1	not retained	0.5311904761904762	0.6672222222222223	"{""lr"": {""initial"": 0.001, ""proposed"": 0.01}, ""residual"": {""initial"": false, ""proposed"": true}, ""server_momentum"": {""initial"": 0.0, ""proposed"": 0.9}, ""weight_decay"": {""initial"": 0.001, ""proposed"": 0.0}}"	Introducing a residual connection with a zero-output 32-wide MLP will improve the stability and convergence of the model without significantly affecting its precision, especially in scenarios where the learning rate is high or weight decay is non-zero.
long24	ptpc_neural	qwen	61	direct	12		invalid		0.6672222222222223	{}	
long24	ptpc_neural	qwen	61	direct	13	L1W2M1R0	not retained	0.6074603174603175	0.6672222222222223	"{""server_momentum"": {""initial"": 0.0, ""proposed"": 0.9}, ""weight_decay"": {""initial"": 0.001, ""proposed"": 0.01}}"	Increasing the learning rate and weight decay while incorporating a residual connection will improve the primary client average precision by providing better generalization and model stability.
long24	ptpc_neural	qwen	61	direct	14	L2W2M0R1	not retained	0.5824999999999999	0.6672222222222223	"{""lr"": {""initial"": 0.001, ""proposed"": 0.01}, ""residual"": {""initial"": false, ""proposed"": true}, ""weight_decay"": {""initial"": 0.001, ""proposed"": 0.01}}"	Introducing a residual zero-output32-wide MLP will help stabilize training by providing additional regularization without increasing model capacity, potentially leading to better generalization and performance.
long24	ptpc_neural	qwen	61	direct	15		invalid		0.6672222222222223	{}	
long24	ptpc_neural	qwen	61	direct	16	L2W1M1R1	not retained	0.5311904761904762	0.6672222222222223	"{""lr"": {""initial"": 0.001, ""proposed"": 0.01}, ""residual"": {""initial"": false, ""proposed"": true}, ""server_momentum"": {""initial"": 0.0, ""proposed"": 0.9}}"	Introducing a residual zero-output32-wide MLP in the model will improve the primary client average precision by providing additional representation learning, thereby capturing more nuanced patterns in the data.
long24	ptpc_neural	qwen	61	direct	17		invalid		0.6672222222222223	{}	
long24	ptpc_neural	qwen	61	direct	18	L2W1M0R1	not retained	0.5908333333333332	0.6672222222222223	"{""lr"": {""initial"": 0.001, ""proposed"": 0.01}, ""residual"": {""initial"": false, ""proposed"": true}}"	Introducing a residual connection with a zero-output initialized 32-wide MLP will improve the primary client average precision by providing additional representational capacity without introducing overfitting, given the existing architecture is already well-initialized and trained.
long24	ptpc_neural	qwen	61	direct	19		invalid		0.6672222222222223	{}	
long24	ptpc_neural	qwen	61	direct	20	L1W1M1R0	not retained	0.6074603174603175	0.6672222222222223	"{""server_momentum"": {""initial"": 0.0, ""proposed"": 0.9}}"	Increasing server momentum (from 0.0 to 0.9) while keeping other hyperparameters constant will improve the convergence and stability of the training process, leading to better generalization and higher precision on the primary development metric.
long24	ptpc_neural	qwen	61	direct	21		invalid		0.6672222222222223	{}	
long24	ptpc_neural	qwen	61	direct	22	L2W0M0R1	not retained	0.5908333333333332	0.6672222222222223	"{""lr"": {""initial"": 0.001, ""proposed"": 0.01}, ""residual"": {""initial"": false, ""proposed"": true}, ""weight_decay"": {""initial"": 0.001, ""proposed"": 0.0}}"	Introducing a residual connection with a zero-output 32-wide MLP will improve the model's ability to generalize by allowing it to learn more complex representations without overfitting, especially at higher learning rates.
long24	ptpc_neural	qwen	61	direct	23	L2W2M1R0	not retained	0.5648412698412698	0.6672222222222223	"{""lr"": {""initial"": 0.001, ""proposed"": 0.01}, ""server_momentum"": {""initial"": 0.0, ""proposed"": 0.9}, ""weight_decay"": {""initial"": 0.001, ""proposed"": 0.01}}"	Introducing a zero-output 32-wide residual MLP in the model will improve the precision of the binary efficacy prediction by providing additional capacity to capture complex relationships between input features and the binary outcome, without overfitting given the regularization.
long24	ptpc_neural	qwen	61	direct	24	L0W2M0R1	not retained	0.5602777777777778	0.6672222222222223	"{""lr"": {""initial"": 0.001, ""proposed"": 0.0001}, ""residual"": {""initial"": false, ""proposed"": true}, ""weight_decay"": {""initial"": 0.001, ""proposed"": 0.01}}"	Adding a residual connection with a zero-output 32-wide MLP will improve the generalization of the model by allowing it to learn more complex mappings between inputs and outputs without increasing the risk of overfitting.
long24	ptpc_neural	qwen	61	loop	1	L1W0M0R1	not retained	0.6592857142857141	0.6672222222222223	"{""residual"": {""initial"": false, ""proposed"": true}, ""weight_decay"": {""initial"": 0.001, ""proposed"": 0.0}}"	Adding a residual zero-output32-wide MLP to the existing efficacy head will improve the precision by allowing the model to better capture complex interactions between the observed6h and24h proteomes and Morgan compound fingerprints.
long24	ptpc_neural	qwen	61	loop	2	L1W0M0R0	not retained	0.6672222222222223	0.6672222222222223	"{""weight_decay"": {""initial"": 0.001, ""proposed"": 0.0}}"	Adding a residual zero-output32-wide MLP to the existing efficacy head will improve the precision by allowing the model to better capture complex interactions between the observed6h and24h proteomes and Morgan compound fingerprints.
long24	ptpc_neural	qwen	61	loop	3		invalid		0.6672222222222223	{}	
long24	ptpc_neural	qwen	61	loop	4	L0W0M0R1	not retained	0.5602777777777778	0.6672222222222223	"{""lr"": {""initial"": 0.001, ""proposed"": 0.0001}, ""residual"": {""initial"": false, ""proposed"": true}, ""weight_decay"": {""initial"": 0.001, ""proposed"": 0.0}}"	Adding a residual zero-output32-wide MLP to the existing efficacy head will improve the precision by allowing the model to better capture complex interactions between the observed6h and24h proteomes and Morgan compound fingerprints.
long24	ptpc_neural	qwen	61	loop	5	L0W0M1R1	not retained	0.6542857142857142	0.6672222222222223	"{""lr"": {""initial"": 0.001, ""proposed"": 0.0001}, ""residual"": {""initial"": false, ""proposed"": true}, ""server_momentum"": {""initial"": 0.0, ""proposed"": 0.9}, ""weight_decay"": {""initial"": 0.001, ""proposed"": 0.0}}"	Adding a residual zero-output32-wide MLP to the existing efficacy head will improve the precision by allowing the model to better capture complex interactions between the observed6h and24h proteomes and Morgan compound fingerprints.
long24	ptpc_neural	qwen	61	loop	6	L0W1M1R1	not retained	0.6542857142857142	0.6672222222222223	"{""lr"": {""initial"": 0.001, ""proposed"": 0.0001}, ""residual"": {""initial"": false, ""proposed"": true}, ""server_momentum"": {""initial"": 0.0, ""proposed"": 0.9}}"	Adding a residual zero-output32-wide MLP to the existing efficacy head will improve the precision by allowing the model to better capture complex interactions between the observed6h and24h proteomes and Morgan compound fingerprints.
long24	ptpc_neural	qwen	61	loop	7		invalid		0.6672222222222223	{}	
long24	ptpc_neural	qwen	61	loop	8	L0W1M0R1	not retained	0.5602777777777778	0.6672222222222223	"{""lr"": {""initial"": 0.001, ""proposed"": 0.0001}, ""residual"": {""initial"": false, ""proposed"": true}}"	Adding a residual zero-output32-wide MLP to the existing efficacy head will improve the precision by allowing the model to better capture complex interactions between the observed6h and24h proteomes and Morgan compound fingerprints.
long24	ptpc_neural	qwen	61	loop	9	L1W1M1R1	not retained	0.5800000000000001	0.6672222222222223	"{""residual"": {""initial"": false, ""proposed"": true}, ""server_momentum"": {""initial"": 0.0, ""proposed"": 0.9}}"	Adding a residual zero-output32-wide MLP to the existing efficacy head will improve the precision by allowing the model to better capture complex interactions between the observed6h and24h proteomes and Morgan compound fingerprints.
long24	ptpc_neural	qwen	61	loop	10		invalid		0.6672222222222223	{}	
long24	ptpc_neural	qwen	61	loop	11		invalid		0.6672222222222223	{}	
long24	ptpc_neural	qwen	61	loop	12	L1W0M1R1	not retained	0.5800000000000001	0.6672222222222223	"{""residual"": {""initial"": false, ""proposed"": true}, ""server_momentum"": {""initial"": 0.0, ""proposed"": 0.9}, ""weight_decay"": {""initial"": 0.001, ""proposed"": 0.0}}"	Adding a residual zero-output32-wide MLP to the existing efficacy head will improve the precision by allowing the model to better capture complex interactions between the observed6h and24h proteomes and Morgan compound fingerprints.
long24	ptpc_neural	qwen	61	loop	13	L1W1M0R1	not retained	0.6592857142857141	0.6672222222222223	"{""residual"": {""initial"": false, ""proposed"": true}}"	Adding a residual zero-output32-wide MLP to the existing efficacy head will improve the precision by allowing the model to better capture complex interactions between the observed6h and24h proteomes and Morgan compound fingerprints.
long24	ptpc_neural	qwen	61	loop	14	L2W2M1R1	not retained	0.5311904761904762	0.6672222222222223	"{""lr"": {""initial"": 0.001, ""proposed"": 0.01}, ""residual"": {""initial"": false, ""proposed"": true}, ""server_momentum"": {""initial"": 0.0, ""proposed"": 0.9}, ""weight_decay"": {""initial"": 0.001, ""proposed"": 0.01}}"	Adding a residual zero-output32-wide MLP to the existing efficacy head will improve the precision by allowing the model to better capture complex interactions between the observed6h and24h proteomes and Morgan compound fingerprints.
long24	ptpc_neural	qwen	61	loop	15	L1W2M1R1	not retained	0.5800000000000001	0.6672222222222223	"{""residual"": {""initial"": false, ""proposed"": true}, ""server_momentum"": {""initial"": 0.0, ""proposed"": 0.9}, ""weight_decay"": {""initial"": 0.001, ""proposed"": 0.01}}"	Adding a residual zero-output32-wide MLP to the existing efficacy head will improve the precision by allowing the model to better capture complex interactions between the observed6h and24h proteomes and Morgan compound fingerprints.
long24	ptpc_neural	qwen	61	loop	16		invalid		0.6672222222222223	{}	
long24	ptpc_neural	qwen	61	loop	17		invalid		0.6672222222222223	{}	
long24	ptpc_neural	qwen	61	loop	18		invalid		0.6672222222222223	{}	
long24	ptpc_neural	qwen	61	loop	19	L0W2M0R1	not retained	0.5602777777777778	0.6672222222222223	"{""lr"": {""initial"": 0.001, ""proposed"": 0.0001}, ""residual"": {""initial"": false, ""proposed"": true}, ""weight_decay"": {""initial"": 0.001, ""proposed"": 0.01}}"	Adding a residual zero-output32-wide MLP to the existing efficacy head will improve the precision by allowing the model to better capture complex interactions between the observed6h and24h proteomes and Morgan compound fingerprints.
long24	ptpc_neural	qwen	61	loop	20	L1W1M1R0	not retained	0.6074603174603175	0.6672222222222223	"{""server_momentum"": {""initial"": 0.0, ""proposed"": 0.9}}"	Adding a residual zero-output32-wide MLP to the existing efficacy head will improve the precision by allowing the model to better capture complex interactions between the observed6h and24h proteomes and Morgan compound fingerprints.
long24	ptpc_neural	qwen	61	loop	21		invalid		0.6672222222222223	{}	
long24	ptpc_neural	qwen	61	loop	22	L1W2M0R1	not retained	0.6592857142857141	0.6672222222222223	"{""residual"": {""initial"": false, ""proposed"": true}, ""weight_decay"": {""initial"": 0.001, ""proposed"": 0.01}}"	Adding a residual zero-output32-wide MLP to the existing efficacy head will improve the precision by allowing the model to better capture complex interactions between the observed6h and24h proteomes and Morgan compound fingerprints.
long24	ptpc_neural	qwen	61	loop	23		invalid		0.6672222222222223	{}	
long24	ptpc_neural	qwen	61	loop	24		invalid		0.6672222222222223	{}	
long24	vcc_corrected	luna	61	direct	1	L1W1M0R1	not retained	0.23307039710627436	0.23651867296834334	"{""residual"": {""initial"": false, ""proposed"": true}}"	Adding a zero-output-initialized 32-wide residual adapter while training the response head will improve intervention-macro identification by modeling task-specific nonlinear residuals without disrupting the frozen scDEBART representation.
long24	vcc_corrected	luna	61	direct	2	L1W1M1R0	retained	0.23741393464453808	0.23741393464453808	"{""server_momentum"": {""initial"": 0.0, ""proposed"": 0.9}}"	Adding server momentum while keeping the trainable response head unchanged will improve federated optimization by smoothing client-update noise, increasing intervention-macro Top1 without changing model capacity.
long24	vcc_corrected	luna	61	direct	3	L1W1M1R1	not retained	0.22010289479039477	0.23741393464453808	"{""residual"": {""initial"": false, ""proposed"": true}, ""server_momentum"": {""initial"": 0.0, ""proposed"": 0.9}}"	Adding a zero-initialized 32-wide residual adapter while enabling server momentum will improve intervention-macro Top1 by providing task-specific correction capacity and smoothing client-update variability; the effect should be measurable through improved development cross-entropy without destabilizing training.
long24	vcc_corrected	luna	61	direct	4	L1W2M0R1	not retained	0.23307039710627436	0.23741393464453808	"{""residual"": {""initial"": false, ""proposed"": true}, ""weight_decay"": {""initial"": 0.001, ""proposed"": 0.01}}"	Adding a zero-output-initialized 32-wide residual adapter while retaining the trainable base response head will improve intervention-macro Top1 by modeling nonlinear expression-response corrections without discarding the head's stable baseline mapping.
long24	vcc_corrected	luna	61	direct	5	L1W2M1R1	not retained	0.21864029489029488	0.23741393464453808	"{""residual"": {""initial"": false, ""proposed"": true}, ""server_momentum"": {""initial"": 0.0, ""proposed"": 0.9}, ""weight_decay"": {""initial"": 0.001, ""proposed"": 0.01}}"	Adding a zero-initialized 32-wide residual adapter while increasing weight decay and enabling server momentum will improve intervention-macro Top1 by allowing task-specific correction of frozen scDEBART features, regularizing the response head, and smoothing heterogeneous client updates.
long24	vcc_corrected	luna	61	direct	6	L1W0M0R1	not retained	0.2365039367467106	0.23741393464453808	"{""residual"": {""initial"": false, ""proposed"": true}, ""weight_decay"": {""initial"": 0.001, ""proposed"": 0.0}}"	Adding a zero-initialized 32-wide residual adapter while removing weight decay will let the trainable response head capture client-specific expression-to-intervention mappings without disrupting the frozen scDEBART representation, improving macro Top1 if the head is underfitting.
long24	vcc_corrected	luna	61	direct	7	L1W2M1R0	not retained	0.21091498300550024	0.23741393464453808	"{""server_momentum"": {""initial"": 0.0, ""proposed"": 0.9}, ""weight_decay"": {""initial"": 0.001, ""proposed"": 0.01}}"	Adding server momentum while keeping the reference learning rate and weight decay will improve optimization across heterogeneous clients by smoothing noisy parameter updates, increasing intervention-macro Top1 without changing the model capacity.
long24	vcc_corrected	luna	61	direct	8	L1W2M0R0	not retained	0.23327938352215732	0.23741393464453808	"{""weight_decay"": {""initial"": 0.001, ""proposed"": 0.01}}"	Increasing weight decay from 0.001 to 0.01 will reduce overfitting in the trainable response head, improving intervention-macro Top1 by encouraging smoother mappings from expression responses to perturbation options.
long24	vcc_corrected	luna	61	direct	9	L1W0M0R0	retained	0.24035009059286444	0.24035009059286444	"{""weight_decay"": {""initial"": 0.001, ""proposed"": 0.0}}"	Reducing weight decay from 0.001 to 0 while keeping the reference learning rate, no server momentum, and no residual adapter will improve intervention-macro Top1 if the trainable response head is underfitting discriminative expression-response mappings due to excessive regularization.
long24	vcc_corrected	luna	61	direct	10	L0W1M0R1	not retained	0.19935276697890794	0.24035009059286444	"{""lr"": {""initial"": 0.001, ""proposed"": 0.0001}, ""residual"": {""initial"": false, ""proposed"": true}}"	With no prior evaluation evidence, adding a zero-initialized 32-wide residual adapter while using a conservative learning rate will improve task-specific response modeling without disrupting the frozen scDEBART representation, despite the adapter being trained jointly with the base head.
long24	vcc_corrected	luna	61	direct	11	L2W1M0R0	not retained	0.2107595924190752	0.24035009059286444	"{""lr"": {""initial"": 0.001, ""proposed"": 0.01}}"	Increasing the learning rate from 0.001 to 0.01 while retaining weight decay, no server momentum, and no residual adapter will improve head adaptation and intervention-macro Top1 if the reference is underfitting; excessive update instability would instead worsen development cross-entropy.
long24	vcc_corrected	luna	61	direct	12	L1W0M1R0	not retained	0.2341866757922792	0.24035009059286444	"{""server_momentum"": {""initial"": 0.0, ""proposed"": 0.9}, ""weight_decay"": {""initial"": 0.001, ""proposed"": 0.0}}"	Using a higher learning rate with server momentum and no weight decay will improve optimization of the trainable response head, allowing faster alignment of expression responses with intervention-specific contrasts without shrinking the head weights.
long24	vcc_corrected	luna	61	direct	13	L1W0M1R1	not retained	0.23657871064121064	0.24035009059286444	"{""residual"": {""initial"": false, ""proposed"": true}, ""server_momentum"": {""initial"": 0.0, ""proposed"": 0.9}, ""weight_decay"": {""initial"": 0.001, ""proposed"": 0.0}}"	The frozen encoder and response head underfit intervention-specific expression mappings; adding a zero-initialized 32-wide residual adapter, with server momentum, will improve adaptation while preserving the pretrained representation. Removing weight decay may further allow the small head and adapter to fit task-specific signals.
long24	vcc_corrected	luna	61	direct	14	L2W1M1R1	not retained	0.22790488972093942	0.24035009059286444	"{""lr"": {""initial"": 0.001, ""proposed"": 0.01}, ""residual"": {""initial"": false, ""proposed"": true}, ""server_momentum"": {""initial"": 0.0, ""proposed"": 0.9}}"	L2W1M1R1 will improve intervention-macro Top1 by replacing the reference with a higher learning rate (0.01), adding weight decay (0.001), server momentum (0.9), and a zero-initialized 32-wide residual adapter while training the base head; the higher step size should overcome head underfitting, while regularization, momentum, and the adapter should stabilize and refine client-specific response mappings.
long24	vcc_corrected	luna	61	direct	15	L2W1M0R1	not retained	0.21096857883495815	0.24035009059286444	"{""lr"": {""initial"": 0.001, ""proposed"": 0.01}, ""residual"": {""initial"": false, ""proposed"": true}}"	Using lr=0.01 with weight_decay=0.001 and a zero-initialized 32-wide residual adapter will improve intervention-macro Top1 by enabling faster adaptation and modest extra task-specific capacity while regularization limits overfitting.
long24	vcc_corrected	luna	61	direct	16	L2W1M1R0	retained	0.27679073241573243	0.27679073241573243	"{""lr"": {""initial"": 0.001, ""proposed"": 0.01}, ""server_momentum"": {""initial"": 0.0, ""proposed"": 0.9}}"	Because only the response head is trainable, increasing the learning rate to 0.01 with moderate weight decay and server momentum will accelerate head adaptation while controlling parameter growth, improving intervention-macro discrimination without adding unnecessary capacity.
long24	vcc_corrected	luna	61	direct	17	L0W1M0R0	not retained	0.19935276697890794	0.27679073241573243	"{""lr"": {""initial"": 0.001, ""proposed"": 0.0001}}"	Reducing the learning rate from 0.001 to 0.0001 while keeping weight decay, proximal regularization, server momentum, and architecture unchanged will reduce optimization noise and improve intervention-macro Top1 if the reference is unstable, but may underfit if progress is too slow.
long24	vcc_corrected	luna	61	direct	18	L0W1M1R1	not retained	0.18876866928147354	0.27679073241573243	"{""lr"": {""initial"": 0.001, ""proposed"": 0.0001}, ""residual"": {""initial"": false, ""proposed"": true}, ""server_momentum"": {""initial"": 0.0, ""proposed"": 0.9}}"	With no prior evaluation evidence, using a lower learning rate together with server momentum and a zero-initialized residual adapter will improve optimization stability while adding limited task-specific capacity for the response head.
long24	vcc_corrected	luna	61	direct	19	L0W1M1R0	not retained	0.1926148231276274	0.27679073241573243	"{""lr"": {""initial"": 0.001, ""proposed"": 0.0001}, ""server_momentum"": {""initial"": 0.0, ""proposed"": 0.9}}"	Compared with the reference, L0W1M1R0 lowers the learning rate from 0.001 to 0.0001 and adds server momentum 0.9 while keeping weight decay at 0.001. The lower local step size should reduce client-update noise, while momentum should accumulate consistent direction across heterogeneous clients and improve intervention-macro discrimination without changing model capacity.
long24	vcc_corrected	luna	61	direct	20	L2W2M0R1	not retained	0.21420786828114413	0.27679073241573243	"{""lr"": {""initial"": 0.001, ""proposed"": 0.01}, ""residual"": {""initial"": false, ""proposed"": true}, ""weight_decay"": {""initial"": 0.001, ""proposed"": 0.01}}"	Adding a zero-initialized 32-wide residual adapter while using a higher learning rate and stronger weight decay will improve intervention-macro discrimination by enabling controlled task-specific corrections without destabilizing the frozen scDEBART representation.
long24	vcc_corrected	luna	61	direct	21	L0W2M0R1	not retained	0.19935276697890794	0.27679073241573243	"{""lr"": {""initial"": 0.001, ""proposed"": 0.0001}, ""residual"": {""initial"": false, ""proposed"": true}, ""weight_decay"": {""initial"": 0.001, ""proposed"": 0.01}}"	Adding a zero-initialized 32-wide residual adapter while lowering the learning rate to 0.0001 and increasing weight decay to 0.01 will improve intervention-macro Top1 by enabling controlled task-specific corrections without destabilizing the frozen-backbone response head.
long24	vcc_corrected	luna	61	direct	22	L0W0M0R1	not retained	0.19935276697890794	0.27679073241573243	"{""lr"": {""initial"": 0.001, ""proposed"": 0.0001}, ""residual"": {""initial"": false, ""proposed"": true}, ""weight_decay"": {""initial"": 0.001, ""proposed"": 0.0}}"	A zero-initialized 32-wide residual adapter trained with the response head will improve intervention-macro Top1 by adding task-specific nonlinear capacity while preserving the frozen scDEBART representation; the lower learning rate should reduce instability during federated averaging.
long24	vcc_corrected	luna	61	direct	23	L2W0M0R0	not retained	0.20858762645400572	0.27679073241573243	"{""lr"": {""initial"": 0.001, ""proposed"": 0.01}, ""weight_decay"": {""initial"": 0.001, ""proposed"": 0.0}}"	Increasing the learning rate to 0.01 while removing weight decay will improve identification by allowing the trainable response head to fit the frozen scDEBART representation more effectively; the higher update magnitude may improve adaptation but could increase instability.
long24	vcc_corrected	luna	61	direct	24	L0W2M1R1	not retained	0.18876866928147354	0.27679073241573243	"{""lr"": {""initial"": 0.001, ""proposed"": 0.0001}, ""residual"": {""initial"": false, ""proposed"": true}, ""server_momentum"": {""initial"": 0.0, ""proposed"": 0.9}, ""weight_decay"": {""initial"": 0.001, ""proposed"": 0.01}}"	Adding a zero-initialized 32-wide residual adapter while using conservative optimization (lr 0.0001, weight decay 0.01, server momentum 0.9) will improve perturbation discrimination by learning task-specific corrections to the frozen scDEBART representation; momentum should accumulate weak client-consistent signals, while regularization limits head overfitting.
long24	vcc_corrected	luna	61	loop	1	L1W1M0R1	not retained	0.23307039710627436	0.23651867296834334	"{""residual"": {""initial"": false, ""proposed"": true}}"	Adding a zero-output-initialized 32-wide residual adapter while training the response head will improve intervention-macro identification by modeling task-specific nonlinear residuals without disrupting the frozen scDEBART representation.
long24	vcc_corrected	luna	61	loop	2	L2W2M0R0	not retained	0.21010277796915727	0.23651867296834334	"{""lr"": {""initial"": 0.001, ""proposed"": 0.01}, ""weight_decay"": {""initial"": 0.001, ""proposed"": 0.01}}"	Increasing the learning rate from 0.001 to 0.01 while increasing weight decay from 0.001 to 0.01 will improve intervention-macro identification by fitting the under-optimized response head faster while regularizing the resulting larger updates against overfitting.
long24	vcc_corrected	luna	61	loop	3	L1W1M1R0	retained	0.23741393464453808	0.23741393464453808	"{""server_momentum"": {""initial"": 0.0, ""proposed"": 0.9}}"	Adding server momentum 0.9 while keeping the learning rate, weight decay, frozen representation, and trainable response head unchanged will improve intervention-macro identification by accumulating consistent client updates and accelerating optimization without the instability observed at learning rate 0.01.
long24	vcc_corrected	luna	61	loop	4	L0W1M1R0	not retained	0.1926148231276274	0.23741393464453808	"{""lr"": {""initial"": 0.001, ""proposed"": 0.0001}, ""server_momentum"": {""initial"": 0.0, ""proposed"": 0.9}}"	Reducing the learning rate from 0.001 to 0.0001 while retaining server momentum 0.9 will improve intervention-macro identification by making the accumulated client updates more stable and reducing overshoot, while testing whether the momentum benefit persists without the higher-step-size dynamics.
long24	vcc_corrected	luna	61	loop	5	L1W1M1R1	not retained	0.22010289479039477	0.23741393464453808	"{""residual"": {""initial"": false, ""proposed"": true}, ""server_momentum"": {""initial"": 0.0, ""proposed"": 0.9}}"	Adding a zero-output-initialized 32-wide residual adapter while retaining the successful learning rate and server momentum will improve intervention-macro Top1 by modeling task-specific residual structure; weight decay will constrain the added capacity and reduce overfitting.
long24	vcc_corrected	luna	61	loop	6	L1W0M1R0	not retained	0.2341866757922792	0.23741393464453808	"{""server_momentum"": {""initial"": 0.0, ""proposed"": 0.9}, ""weight_decay"": {""initial"": 0.001, ""proposed"": 0.0}}"	Removing weight decay while retaining the successful learning rate and server momentum will improve intervention-macro Top1 by allowing the trainable response head to preserve task-relevant parameter magnitudes that mild regularization may be suppressing, without adding residual capacity or changing update accumulation.
long24	vcc_corrected	luna	61	loop	7	L1W2M1R0	not retained	0.21091498300550024	0.23741393464453808	"{""server_momentum"": {""initial"": 0.0, ""proposed"": 0.9}, ""weight_decay"": {""initial"": 0.001, ""proposed"": 0.01}}"	Increasing weight decay from 0.001 to 0.01 while retaining learning rate 0.001, server momentum 0.9, and the non-residual head will improve intervention-macro Top1 by suppressing late-round overfitting and stabilizing the momentum-accumulated response-head updates; this tests whether the residual candidate’s lower loss but worse Top1 reflects capacity-driven overfitting.
long24	vcc_corrected	luna	61	loop	8	L0W0M1R1	not retained	0.18876866928147354	0.23741393464453808	"{""lr"": {""initial"": 0.001, ""proposed"": 0.0001}, ""residual"": {""initial"": false, ""proposed"": true}, ""server_momentum"": {""initial"": 0.0, ""proposed"": 0.9}, ""weight_decay"": {""initial"": 0.001, ""proposed"": 0.0}}"	Reducing the learning rate to 0.0001 while adding a zero-output-initialized 32-wide residual adapter and retaining server momentum will improve intervention-macro Top1 by stabilizing residual adaptation and accumulating client updates without the late-round degradation seen with momentum at this learning rate without the adapter.
long24	vcc_corrected	luna	61	loop	9	L2W1M1R0	retained	0.27679073241573243	0.27679073241573243	"{""lr"": {""initial"": 0.001, ""proposed"": 0.01}, ""server_momentum"": {""initial"": 0.0, ""proposed"": 0.9}}"	Increasing the learning rate from 0.001 to 0.01 while keeping weight decay 0.001, server momentum 0.9, and the non-residual head unchanged will accelerate response-head fitting and improve intervention-macro Top1 if momentum remains beneficial at the higher step size; however, the prior high-learning-rate run suggests instability may instead reduce generalization.
long24	vcc_corrected	luna	61	loop	10	L2W2M1R0	retained	0.30932023994523994	0.30932023994523994	"{""lr"": {""initial"": 0.001, ""proposed"": 0.01}, ""server_momentum"": {""initial"": 0.0, ""proposed"": 0.9}, ""weight_decay"": {""initial"": 0.001, ""proposed"": 0.01}}"	Increasing weight decay from 0.001 to 0.01 while retaining learning rate 0.01, server momentum 0.9, and the non-residual response head will suppress the severe high-learning-rate update growth and improve generalization by reducing late-round overfitting or instability.
long24	vcc_corrected	luna	61	loop	11	L2W2M1R1	not retained	0.24825574449496868	0.30932023994523994	"{""lr"": {""initial"": 0.001, ""proposed"": 0.01}, ""residual"": {""initial"": false, ""proposed"": true}, ""server_momentum"": {""initial"": 0.0, ""proposed"": 0.9}, ""weight_decay"": {""initial"": 0.001, ""proposed"": 0.01}}"	Adding the zero-output-initialized 32-wide residual adapter to the reference configuration will improve intervention-macro Top1 by modeling task-specific nonlinear residuals, while the existing high weight decay and server momentum constrain the added capacity and stabilize client updates. This tests whether residual capacity can recover useful structure without the overfitting seen with weaker regularization.
long24	vcc_corrected	luna	61	loop	12	L1W2M1R1	not retained	0.21864029489029488	0.30932023994523994	"{""residual"": {""initial"": false, ""proposed"": true}, ""server_momentum"": {""initial"": 0.0, ""proposed"": 0.9}, ""weight_decay"": {""initial"": 0.001, ""proposed"": 0.01}}"	Reducing the learning rate from 0.01 to 0.001 and adding a zero-output-initialized 32-wide residual adapter while retaining weight decay 0.01 and server momentum 0.9 will improve intervention-macro Top1 by stabilizing optimization and modeling task-specific residual structure; this tests whether the reference configuration is unstable and under-capacity-limited.
long24	vcc_corrected	luna	61	loop	13	L1W2M0R0	not retained	0.23327938352215732	0.30932023994523994	"{""weight_decay"": {""initial"": 0.001, ""proposed"": 0.01}}"	Using learning rate 0.001 with stronger weight decay 0.01, no server momentum, and the non-residual response head will improve intervention-macro Top1 by reducing late-round overfitting while retaining the stable optimization regime; this tests whether extra regularization can help without the residual capacity or momentum dynamics that previously reduced Top1.
long24	vcc_corrected	luna	61	loop	14	L1W0M0R0	not retained	0.24035009059286444	0.30932023994523994	"{""weight_decay"": {""initial"": 0.001, ""proposed"": 0.0}}"	Using learning rate 0.001 with no weight decay, no server momentum, and the non-residual response head will improve intervention-macro Top1 by combining the stable step size with less regularization, testing whether weight decay—not optimization instability—limits the head’s task-relevant parameter magnitudes.
long24	vcc_corrected	luna	61	loop	15	L1W0M1R1	not retained	0.23657871064121064	0.30932023994523994	"{""residual"": {""initial"": false, ""proposed"": true}, ""server_momentum"": {""initial"": 0.0, ""proposed"": 0.9}, ""weight_decay"": {""initial"": 0.001, ""proposed"": 0.0}}"	Combining the strongest observed non-residual setting (learning rate 0.001, no weight decay, server momentum 0.9) with a zero-output-initialized 32-wide residual adapter will improve intervention-macro Top1 if the adapter captures task-specific residual structure without the stronger regularization that previously limited residual candidates.
long24	vcc_corrected	luna	61	loop	16	L2W2M0R1	not retained	0.21420786828114413	0.30932023994523994	"{""lr"": {""initial"": 0.001, ""proposed"": 0.01}, ""residual"": {""initial"": false, ""proposed"": true}, ""weight_decay"": {""initial"": 0.001, ""proposed"": 0.01}}"	Removing server momentum while adding the zero-output-initialized 32-wide residual adapter at learning rate 0.01 and weight decay 0.01 will improve intervention-macro Top1 by reducing momentum-driven update accumulation and allowing task-specific residual corrections; this tests whether the residual model benefits from a less unstable high-step-size optimizer.
long24	vcc_corrected	luna	61	loop	17	L1W2M0R1	not retained	0.23307039710627436	0.30932023994523994	"{""residual"": {""initial"": false, ""proposed"": true}, ""weight_decay"": {""initial"": 0.001, ""proposed"": 0.01}}"	Using learning rate 0.001, weight decay 0.01, no server momentum, and a zero-output-initialized 32-wide residual adapter will improve intervention-macro Top1 by combining the stable step size and stronger regularization with task-specific residual capacity, while avoiding the late-round degradation observed for momentum-based residual settings.
long24	vcc_corrected	luna	61	loop	18	L0W1M0R0	not retained	0.19935276697890794	0.30932023994523994	"{""lr"": {""initial"": 0.001, ""proposed"": 0.0001}}"	Reducing the learning rate to 0.0001 while using mild weight decay and no server momentum will improve generalization by preventing the update instability seen at learning rate 0.01, while retaining enough regularization to limit late-round overfitting.
long24	vcc_corrected	luna	61	loop	19	L1W0M0R1	not retained	0.2365039367467106	0.30932023994523994	"{""residual"": {""initial"": false, ""proposed"": true}, ""weight_decay"": {""initial"": 0.001, ""proposed"": 0.0}}"	Replacing the reference with learning rate 0.001, no weight decay, no server momentum, and a zero-output-initialized 32-wide residual adapter will improve intervention-macro Top1 by combining the most stable learning rate with the stronger non-residual result seen without weight decay, while testing whether residual capacity adds useful task-specific structure without momentum-driven late-round degradation.
long24	vcc_corrected	luna	61	loop	20	L2W1M0R0	not retained	0.2107595924190752	0.30932023994523994	"{""lr"": {""initial"": 0.001, ""proposed"": 0.01}}"	Removing server momentum while retaining learning rate 0.01 and mild weight decay 0.001 will reduce the severe late-round update accumulation observed at high learning rate, improving intervention-macro Top1 by stabilizing response-head optimization without adding residual capacity.
long24	vcc_corrected	luna	61	loop	21	L2W1M0R1	not retained	0.21096857883495815	0.30932023994523994	"{""lr"": {""initial"": 0.001, ""proposed"": 0.01}, ""residual"": {""initial"": false, ""proposed"": true}}"	Removing server momentum and adding a zero-output-initialized 32-wide residual adapter while using learning rate 0.01 and weight decay 0.001 will improve intervention-macro Top1 by reducing momentum-driven update accumulation and allowing task-specific residual corrections; this tests whether residual capacity can recover generalization in the high-learning-rate regime without accumulated optimizer instability.
long24	vcc_corrected	luna	61	loop	22	L0W1M0R1	not retained	0.19935276697890794	0.30932023994523994	"{""lr"": {""initial"": 0.001, ""proposed"": 0.0001}, ""residual"": {""initial"": false, ""proposed"": true}}"	Reducing the learning rate to 0.0001, using mild weight decay 0.001, removing server momentum, and adding a zero-output-initialized 32-wide residual adapter will improve intervention-macro Top1 by stabilizing residual-head adaptation and limiting the late-round degradation observed with momentum at this learning rate.
long24	vcc_corrected	luna	61	loop	23	L2W1M1R1	not retained	0.22790488972093942	0.30932023994523994	"{""lr"": {""initial"": 0.001, ""proposed"": 0.01}, ""residual"": {""initial"": false, ""proposed"": true}, ""server_momentum"": {""initial"": 0.0, ""proposed"": 0.9}}"	Reducing weight decay from 0.01 to 0.001 and adding a zero-output-initialized 32-wide residual adapter while retaining learning rate 0.01 and server momentum 0.9 will improve intervention-macro Top1 by allowing task-specific residual corrections and less suppression of response-head updates; this tests whether the reference’s regularization limits useful capacity despite the high-learning-rate instability observed previously.
long24	vcc_corrected	luna	61	loop	24	L0W0M0R0	not retained	0.19935276697890794	0.30932023994523994	"{""lr"": {""initial"": 0.001, ""proposed"": 0.0001}, ""weight_decay"": {""initial"": 0.001, ""proposed"": 0.0}}"	Removing weight decay and server momentum at learning rate 0.0001 will test whether the poor low-learning-rate results are caused by excessive regularization or accumulated updates; the non-residual head is expected to remain more stable but may underfit over 100 rounds.
long24	vcc_corrected	qwen	61	direct	1	L1W1M1R1	not retained	0.22010289479039477	0.23651867296834334	"{""residual"": {""initial"": false, ""proposed"": true}, ""server_momentum"": {""initial"": 0.0, ""proposed"": 0.9}}"	Introducing a residual connection (adding a 32-wide adapter) will improve the model's ability to capture complex patterns in the gene expression data, leading to better performance on the single-gene perturbation five-option identification task.
long24	vcc_corrected	qwen	61	direct	2	L1W1M0R1	not retained	0.23307039710627436	0.23651867296834334	"{""residual"": {""initial"": false, ""proposed"": true}}"	Adding a residual connection (adapter) will improve the model's ability to capture complex patterns in gene expression responses, leading to better performance on the single-gene perturbation task.
long24	vcc_corrected	qwen	61	direct	3	L0W0M0R1	not retained	0.19935276697890794	0.23651867296834334	"{""lr"": {""initial"": 0.001, ""proposed"": 0.0001}, ""residual"": {""initial"": false, ""proposed"": true}, ""weight_decay"": {""initial"": 0.001, ""proposed"": 0.0}}"	Introducing a residual adapter (residual: true) will improve the model's ability to capture subtle gene expression changes, thereby enhancing its performance on the single-gene perturbation task.
long24	vcc_corrected	qwen	61	direct	4	L0W0M1R1	not retained	0.18876866928147354	0.23651867296834334	"{""lr"": {""initial"": 0.001, ""proposed"": 0.0001}, ""residual"": {""initial"": false, ""proposed"": true}, ""server_momentum"": {""initial"": 0.0, ""proposed"": 0.9}, ""weight_decay"": {""initial"": 0.001, ""proposed"": 0.0}}"	Introducing a residual connection with a 32-wide adapter (residual: true) will improve the top-1 accuracy on the intervention-macro task by reducing underfitting and stabilizing the training process.
long24	vcc_corrected	qwen	61	direct	5		invalid		0.23651867296834334	{}	
long24	vcc_corrected	qwen	61	direct	6		invalid		0.23651867296834334	{}	
long24	vcc_corrected	qwen	61	direct	7	L0W1M0R1	not retained	0.19935276697890794	0.23651867296834334	"{""lr"": {""initial"": 0.001, ""proposed"": 0.0001}, ""residual"": {""initial"": false, ""proposed"": true}}"	Adding a residual connection with a 32-wide adapter (residual: true) will improve the model's ability to capture complex patterns in the gene expression data, leading to better performance on the primary intervention-macro Top1 metric.
long24	vcc_corrected	qwen	61	direct	8	L1W2M1R1	not retained	0.21864029489029488	0.23651867296834334	"{""residual"": {""initial"": false, ""proposed"": true}, ""server_momentum"": {""initial"": 0.0, ""proposed"": 0.9}, ""weight_decay"": {""initial"": 0.001, ""proposed"": 0.01}}"	Adding a residual adapter (residual: true) will improve the primary intervention-macro Top1 performance by providing additional representational capacity, especially at higher learning rates (lr > 0.001).
long24	vcc_corrected	qwen	61	direct	9		invalid		0.23651867296834334	{}	
long24	vcc_corrected	qwen	61	direct	10		invalid		0.23651867296834334	{}	
long24	vcc_corrected	qwen	61	direct	11		invalid		0.23651867296834334	{}	
long24	vcc_corrected	qwen	61	direct	12	L0W1M1R0	not retained	0.1926148231276274	0.23651867296834334	"{""lr"": {""initial"": 0.001, ""proposed"": 0.0001}, ""server_momentum"": {""initial"": 0.0, ""proposed"": 0.9}}"	Introducing a server momentum of 0.9 (L0W1M1R0) will improve the stability of the training process without significantly impacting the primary development metric compared to L0W1M0R0.
long24	vcc_corrected	qwen	61	direct	13		invalid		0.23651867296834334	{}	
long24	vcc_corrected	qwen	61	direct	14		invalid		0.23651867296834334	{}	
long24	vcc_corrected	qwen	61	direct	15		invalid		0.23651867296834334	{}	
long24	vcc_corrected	qwen	61	direct	16		invalid		0.23651867296834334	{}	
long24	vcc_corrected	qwen	61	direct	17		invalid		0.23651867296834334	{}	
long24	vcc_corrected	qwen	61	direct	18	L2W2M1R1	retained	0.24825574449496868	0.24825574449496868	"{""lr"": {""initial"": 0.001, ""proposed"": 0.01}, ""residual"": {""initial"": false, ""proposed"": true}, ""server_momentum"": {""initial"": 0.0, ""proposed"": 0.9}, ""weight_decay"": {""initial"": 0.001, ""proposed"": 0.01}}"	Introducing a server momentum of 0.9 in combination with weight decay of 0.01 will improve the primary intervention-macro Top1 score by reducing overfitting and stabilizing the training process.
long24	vcc_corrected	qwen	61	direct	19	L1W0M1R1	not retained	0.23657871064121064	0.24825574449496868	"{""residual"": {""initial"": false, ""proposed"": true}, ""server_momentum"": {""initial"": 0.0, ""proposed"": 0.9}, ""weight_decay"": {""initial"": 0.001, ""proposed"": 0.0}}"	Introducing a residual connection with a 32-wide adapter (residual: true) will improve the top-1 accuracy of the single-gene perturbation identification task compared to the baseline without residual connections (residual: false).
long24	vcc_corrected	qwen	61	direct	20		invalid		0.24825574449496868	{}	
long24	vcc_corrected	qwen	61	direct	21		invalid		0.24825574449496868	{}	
long24	vcc_corrected	qwen	61	direct	22		invalid		0.24825574449496868	{}	
long24	vcc_corrected	qwen	61	direct	23	L0W1M1R1	not retained	0.18876866928147354	0.24825574449496868	"{""lr"": {""initial"": 0.001, ""proposed"": 0.0001}, ""residual"": {""initial"": false, ""proposed"": true}, ""server_momentum"": {""initial"": 0.0, ""proposed"": 0.9}}"	Introducing a residual connection with a 32-wide adapter (residual: true) will improve the stability of the model without significantly affecting its top-1 accuracy on the intervention-macro task.
long24	vcc_corrected	qwen	61	direct	24	L1W2M0R1	not retained	0.23307039710627436	0.24825574449496868	"{""residual"": {""initial"": false, ""proposed"": true}, ""weight_decay"": {""initial"": 0.001, ""proposed"": 0.01}}"	Adding a residual adapter (residual: true) will improve the model's ability to capture complex patterns in the data without increasing the risk of overfitting, compared to the baseline (residual: false). This improvement is expected to be more pronounced at higher learning rates due to faster convergence towards complex solutions.
long24	vcc_corrected	qwen	61	loop	1	L1W1M1R1	not retained	0.22010289479039477	0.23651867296834334	"{""residual"": {""initial"": false, ""proposed"": true}, ""server_momentum"": {""initial"": 0.0, ""proposed"": 0.9}}"	Introducing a residual connection (adding a 32-wide adapter) will improve the model's ability to capture complex patterns in the gene expression data, leading to better performance on the single-gene perturbation five-option identification task.
long24	vcc_corrected	qwen	61	loop	2	L0W0M1R1	not retained	0.18876866928147354	0.23651867296834334	"{""lr"": {""initial"": 0.001, ""proposed"": 0.0001}, ""residual"": {""initial"": false, ""proposed"": true}, ""server_momentum"": {""initial"": 0.0, ""proposed"": 0.9}, ""weight_decay"": {""initial"": 0.001, ""proposed"": 0.0}}"	Introducing a residual connection (adding a 32-wide adapter) will improve the model's ability to capture complex patterns in the gene expression data, leading to better performance on the single-gene perturbation five-option identification task.
long24	vcc_corrected	qwen	61	loop	3	L1W0M0R1	not retained	0.2365039367467106	0.23651867296834334	"{""residual"": {""initial"": false, ""proposed"": true}, ""weight_decay"": {""initial"": 0.001, ""proposed"": 0.0}}"	Introducing a residual connection (adding a 32-wide adapter) will improve the model's ability to capture complex patterns in the gene expression data, leading to better performance on the single-gene perturbation five-option identification task.
long24	vcc_corrected	qwen	61	loop	4		invalid		0.23651867296834334	{}	
long24	vcc_corrected	qwen	61	loop	5	L0W0M0R1	not retained	0.19935276697890794	0.23651867296834334	"{""lr"": {""initial"": 0.001, ""proposed"": 0.0001}, ""residual"": {""initial"": false, ""proposed"": true}, ""weight_decay"": {""initial"": 0.001, ""proposed"": 0.0}}"	Introducing a residual connection (adding a 32-wide adapter) will improve the model's ability to capture complex patterns in the gene expression data, leading to better performance on the single-gene perturbation five-option identification task.
long24	vcc_corrected	qwen	61	loop	6		invalid		0.23651867296834334	{}	
long24	vcc_corrected	qwen	61	loop	7	L0W1M1R1	not retained	0.18876866928147354	0.23651867296834334	"{""lr"": {""initial"": 0.001, ""proposed"": 0.0001}, ""residual"": {""initial"": false, ""proposed"": true}, ""server_momentum"": {""initial"": 0.0, ""proposed"": 0.9}}"	Introducing a residual connection (adding a 32-wide adapter) will improve the model's ability to capture complex patterns in the gene expression data, leading to better performance on the single-gene perturbation five-option identification task.
long24	vcc_corrected	qwen	61	loop	8	L0W1M0R1	not retained	0.19935276697890794	0.23651867296834334	"{""lr"": {""initial"": 0.001, ""proposed"": 0.0001}, ""residual"": {""initial"": false, ""proposed"": true}}"	Introducing a residual connection (adding a 32-wide adapter) will improve the model's ability to capture complex patterns in the gene expression data, leading to better performance on the single-gene perturbation five-option identification task.
long24	vcc_corrected	qwen	61	loop	9	L1W1M0R1	not retained	0.23307039710627436	0.23651867296834334	"{""residual"": {""initial"": false, ""proposed"": true}}"	Introducing a residual connection (adding a 32-wide adapter) will improve the model's ability to capture complex patterns in the gene expression data, leading to better performance on the single-gene perturbation five-option identification task.
long24	vcc_corrected	qwen	61	loop	10	L1W2M1R1	not retained	0.21864029489029488	0.23651867296834334	"{""residual"": {""initial"": false, ""proposed"": true}, ""server_momentum"": {""initial"": 0.0, ""proposed"": 0.9}, ""weight_decay"": {""initial"": 0.001, ""proposed"": 0.01}}"	Introducing a residual connection (adding a 32-wide adapter) will improve the model's ability to capture complex patterns in the gene expression data, leading to better performance on the single-gene perturbation five-option identification task.
long24	vcc_corrected	qwen	61	loop	11	L1W2M1R0	not retained	0.21091498300550024	0.23651867296834334	"{""server_momentum"": {""initial"": 0.0, ""proposed"": 0.9}, ""weight_decay"": {""initial"": 0.001, ""proposed"": 0.01}}"	Introducing a residual connection (adding a 32-wide adapter) will improve the model's ability to capture complex patterns in the gene expression data, leading to better performance on the single-gene perturbation five-option identification task.
long24	vcc_corrected	qwen	61	loop	12	L0W2M0R1	not retained	0.19935276697890794	0.23651867296834334	"{""lr"": {""initial"": 0.001, ""proposed"": 0.0001}, ""residual"": {""initial"": false, ""proposed"": true}, ""weight_decay"": {""initial"": 0.001, ""proposed"": 0.01}}"	Introducing a residual connection (adding a 32-wide adapter) will improve the model's ability to capture complex patterns in the gene expression data, leading to better performance on the single-gene perturbation five-option identification task.
long24	vcc_corrected	qwen	61	loop	13	L1W1M1R0	retained	0.23741393464453808	0.23741393464453808	"{""server_momentum"": {""initial"": 0.0, ""proposed"": 0.9}}"	Introducing a residual connection (adding a 32-wide adapter) will improve the model's ability to capture complex patterns in the gene expression data, leading to better performance on the single-gene perturbation five-option identification task.
long24	vcc_corrected	qwen	61	loop	14		invalid		0.23741393464453808	{}	
long24	vcc_corrected	qwen	61	loop	15	L1W0M1R1	not retained	0.23657871064121064	0.23741393464453808	"{""residual"": {""initial"": false, ""proposed"": true}, ""server_momentum"": {""initial"": 0.0, ""proposed"": 0.9}, ""weight_decay"": {""initial"": 0.001, ""proposed"": 0.0}}"	Introducing a residual connection (adding a 32-wide adapter) will improve the model's ability to capture complex patterns in the gene expression data, leading to better performance on the single-gene perturbation five-option identification task.
long24	vcc_corrected	qwen	61	loop	16		invalid		0.23741393464453808	{}	
long24	vcc_corrected	qwen	61	loop	17		invalid		0.23741393464453808	{}	
long24	vcc_corrected	qwen	61	loop	18	L2W0M1R1	not retained	0.2261807517899049	0.23741393464453808	"{""lr"": {""initial"": 0.001, ""proposed"": 0.01}, ""residual"": {""initial"": false, ""proposed"": true}, ""server_momentum"": {""initial"": 0.0, ""proposed"": 0.9}, ""weight_decay"": {""initial"": 0.001, ""proposed"": 0.0}}"	Introducing a residual connection (adding a 32-wide adapter) will improve the model's ability to capture complex patterns in the gene expression data, leading to better performance on the single-gene perturbation five-option identification task.
long24	vcc_corrected	qwen	61	loop	19		invalid		0.23741393464453808	{}	
long24	vcc_corrected	qwen	61	loop	20	L1W2M0R1	not retained	0.23307039710627436	0.23741393464453808	"{""residual"": {""initial"": false, ""proposed"": true}, ""weight_decay"": {""initial"": 0.001, ""proposed"": 0.01}}"	Introducing a residual connection (adding a 32-wide adapter) will improve the model's ability to capture complex patterns in the gene expression data, leading to better performance on the single-gene perturbation five-option identification task.
long24	vcc_corrected	qwen	61	loop	21		invalid		0.23741393464453808	{}	
long24	vcc_corrected	qwen	61	loop	22	L2W1M1R1	not retained	0.22790488972093942	0.23741393464453808	"{""lr"": {""initial"": 0.001, ""proposed"": 0.01}, ""residual"": {""initial"": false, ""proposed"": true}, ""server_momentum"": {""initial"": 0.0, ""proposed"": 0.9}}"	Introducing a residual connection (adding a 32-wide adapter) will improve the model's ability to capture complex patterns in the gene expression data, leading to better performance on the single-gene perturbation five-option identification task.
long24	vcc_corrected	qwen	61	loop	23	L2W2M1R1	retained	0.24825574449496868	0.24825574449496868	"{""lr"": {""initial"": 0.001, ""proposed"": 0.01}, ""residual"": {""initial"": false, ""proposed"": true}, ""server_momentum"": {""initial"": 0.0, ""proposed"": 0.9}, ""weight_decay"": {""initial"": 0.001, ""proposed"": 0.01}}"	Introducing a residual connection (adding a 32-wide adapter) will improve the model's ability to capture complex patterns in the gene expression data, leading to better performance on the single-gene perturbation five-option identification task.
long24	vcc_corrected	qwen	61	loop	24		invalid		0.24825574449496868	{}	
long24	norman_double_corrected	luna	61	direct	1	L1W1M0R1	retained	0.4	0.4	"{""residual"": {""initial"": false, ""proposed"": true}}"	Adding a zero-initialized 32-wide residual adapter while retaining the trainable response head will improve double-gene intervention discrimination by modeling task-specific expression-response corrections without disrupting the frozen scDEBART representation.
long24	norman_double_corrected	luna	61	direct	2	L1W1M1R1	retained	0.42000000000000004	0.42000000000000004	"{""residual"": {""initial"": false, ""proposed"": true}, ""server_momentum"": {""initial"": 0.0, ""proposed"": 0.9}}"	Adding a zero-initialized 32-wide residual adapter and server momentum will improve intervention-macro Top1 by letting the trainable head correct frozen scDEBART representation errors while momentum stabilizes small client updates; the adapter should improve fit without disrupting the initial function.
long24	norman_double_corrected	luna	61	direct	3	L1W0M0R1	not retained	0.4	0.42000000000000004	"{""residual"": {""initial"": false, ""proposed"": true}, ""weight_decay"": {""initial"": 0.001, ""proposed"": 0.0}}"	Adding a zero-initialized 32-wide residual adapter while removing weight decay will improve intervention-macro Top1 by allowing task-specific expression-response corrections without disrupting the frozen scDEBART representation; the absence of weight decay preserves the small adapter and response-head updates needed to fit double-gene interaction signals.
long24	norman_double_corrected	luna	61	direct	4	L1W1M1R0	not retained	0.35	0.42000000000000004	"{""server_momentum"": {""initial"": 0.0, ""proposed"": 0.9}}"	Adding server momentum 0.9 while preserving the reference learning rate and weight decay will improve aggregation across heterogeneous clients, accelerating stable convergence of the trainable response head and improving intervention-macro Top1.
long24	norman_double_corrected	luna	61	direct	5	L1W0M1R0	not retained	0.372	0.42000000000000004	"{""server_momentum"": {""initial"": 0.0, ""proposed"": 0.9}, ""weight_decay"": {""initial"": 0.001, ""proposed"": 0.0}}"	Adding server momentum while keeping the learning rate, weight decay, proximal coefficient, and head architecture otherwise comparable will improve federated optimization stability and accelerate shared response-head convergence across heterogeneous clients.
long24	norman_double_corrected	luna	61	direct	6	L1W2M0R1	not retained	0.4	0.42000000000000004	"{""residual"": {""initial"": false, ""proposed"": true}, ""weight_decay"": {""initial"": 0.001, ""proposed"": 0.01}}"	Adding the zero-initialized 32-wide residual adapter while increasing weight decay to 0.01 at the reference learning rate will improve intervention-macro discrimination by fitting task-specific response corrections while limiting head overfitting.
long24	norman_double_corrected	luna	61	direct	7	L1W2M1R1	retained	0.446	0.446	"{""residual"": {""initial"": false, ""proposed"": true}, ""server_momentum"": {""initial"": 0.0, ""proposed"": 0.9}, ""weight_decay"": {""initial"": 0.001, ""proposed"": 0.01}}"	Adding a zero-initialized 32-wide residual adapter, training the base head, and using server momentum 0.9 at lr 0.001 with weight decay 0.01 will improve intervention-macro Top1 by capturing response features missed by the frozen-head representation while stabilizing their federated aggregation.
long24	norman_double_corrected	luna	61	direct	8	L1W2M0R0	not retained	0.4	0.446	"{""weight_decay"": {""initial"": 0.001, ""proposed"": 0.01}}"	Increasing weight decay from 0.001 to 0.01 will reduce client-specific overfitting in the trainable response head, improving intervention-macro generalization without changing optimization dynamics.
long24	norman_double_corrected	luna	61	direct	9	L1W0M1R1	not retained	0.42699999999999994	0.446	"{""residual"": {""initial"": false, ""proposed"": true}, ""server_momentum"": {""initial"": 0.0, ""proposed"": 0.9}, ""weight_decay"": {""initial"": 0.001, ""proposed"": 0.0}}"	Adding a zero-initialized 32-wide residual adapter and server momentum will improve intervention-macro Top1 by enabling task-specific corrections while stabilizing federated aggregation, despite removing weight decay.
long24	norman_double_corrected	luna	61	direct	10	L0W0M0R1	retained	0.517	0.517	"{""lr"": {""initial"": 0.001, ""proposed"": 0.0001}, ""residual"": {""initial"": false, ""proposed"": true}, ""weight_decay"": {""initial"": 0.001, ""proposed"": 0.0}}"	Adding a zero-initialized 32-wide residual adapter while retaining the trainable response head will improve intervention-macro Top1 by allowing low-dimensional task-specific corrections to frozen scDEBART features without disrupting the pretrained representation.
long24	norman_double_corrected	luna	61	direct	11	L0W1M0R1	retained	0.517	0.517	"{""lr"": {""initial"": 0.001, ""proposed"": 0.0001}, ""residual"": {""initial"": false, ""proposed"": true}}"	Reducing the learning rate to 0.0001 while adding a zero-initialized 32-wide residual adapter will improve cross-client generalization by allowing the response head to fit perturbation-specific residual structure without destabilizing the frozen scDEBART representation; weight decay remains 0.001 and server momentum remains 0.
long24	norman_double_corrected	luna	61	direct	12	L1W2M1R0	not retained	0.441	0.517	"{""server_momentum"": {""initial"": 0.0, ""proposed"": 0.9}, ""weight_decay"": {""initial"": 0.001, ""proposed"": 0.01}}"	Adding server momentum 0.9 and increasing weight decay from 0.001 to 0.01 at the reference learning rate will improve federated head optimization and generalization by smoothing client-update noise while limiting overfitting to client-specific expression responses.
long24	norman_double_corrected	luna	61	direct	13	L0W1M1R1	not retained	0.48100000000000004	0.517	"{""lr"": {""initial"": 0.001, ""proposed"": 0.0001}, ""residual"": {""initial"": false, ""proposed"": true}, ""server_momentum"": {""initial"": 0.0, ""proposed"": 0.9}}"	Reducing the learning rate to 0.0001 while adding server momentum and a zero-initialized residual adapter will improve intervention-macro Top1 by enabling stable, low-variance head adaptation while preserving the frozen representation and allowing small task-specific corrections.
long24	norman_double_corrected	luna	61	direct	14	L2W1M0R1	not retained	0.298	0.517	"{""lr"": {""initial"": 0.001, ""proposed"": 0.01}, ""residual"": {""initial"": false, ""proposed"": true}}"	Increasing the learning rate to 0.01 while adding a zero-initialized 32-wide residual adapter will improve intervention-macro Top1 by enabling faster response-head fitting and limited task-specific nonlinear correction without disrupting the initial function.
long24	norman_double_corrected	luna	61	direct	15	L1W0M0R0	not retained	0.4	0.517	"{""weight_decay"": {""initial"": 0.001, ""proposed"": 0.0}}"	Removing weight decay while keeping the reference learning rate, no server momentum, and no residual adapter will improve fitting of the trainable response head without changing optimization dynamics.
long24	norman_double_corrected	luna	61	direct	16	L2W1M0R0	not retained	0.298	0.517	"{""lr"": {""initial"": 0.001, ""proposed"": 0.01}}"	Increasing the learning rate from 0.001 to 0.01 while keeping weight decay at 0.001, no server momentum, and no residual adapter will improve identification by allowing the trainable response head to fit the double-gene response signal more rapidly; this may fail if the larger step causes client-update instability.
long24	norman_double_corrected	luna	61	direct	17	L2W1M1R1	not retained	0.41	0.517	"{""lr"": {""initial"": 0.001, ""proposed"": 0.01}, ""residual"": {""initial"": false, ""proposed"": true}, ""server_momentum"": {""initial"": 0.0, ""proposed"": 0.9}}"	Because the frozen scDEBART representation may underfit double-gene interaction responses, combining a higher learning rate with a zero-initialized residual adapter and server momentum may improve head adaptation and capture nonlinear intervention effects without discarding the pretrained pathway.
long24	norman_double_corrected	luna	61	direct	18	L2W2M1R1	not retained	0.367	0.517	"{""lr"": {""initial"": 0.001, ""proposed"": 0.01}, ""residual"": {""initial"": false, ""proposed"": true}, ""server_momentum"": {""initial"": 0.0, ""proposed"": 0.9}, ""weight_decay"": {""initial"": 0.001, ""proposed"": 0.01}}"	Using a 10x higher learning rate with server momentum and a zero-initialized residual adapter will improve intervention-macro Top1 by enabling faster response-head fitting while preserving the frozen representation and adding limited task-specific capacity.
long24	norman_double_corrected	luna	61	direct	19	L2W0M0R1	not retained	0.29900000000000004	0.517	"{""lr"": {""initial"": 0.001, ""proposed"": 0.01}, ""residual"": {""initial"": false, ""proposed"": true}, ""weight_decay"": {""initial"": 0.001, ""proposed"": 0.0}}"	The reference may underfit the nonlinear double-gene response mapping; adding a zero-initialized 32-wide residual adapter while using a higher learning rate should improve intervention-macro discrimination without disrupting the pretrained representation.
long24	norman_double_corrected	luna	61	direct	20	L2W2M0R1	not retained	0.298	0.517	"{""lr"": {""initial"": 0.001, ""proposed"": 0.01}, ""residual"": {""initial"": false, ""proposed"": true}, ""weight_decay"": {""initial"": 0.001, ""proposed"": 0.01}}"	The trainable response head is underfitting interaction-specific expression responses; a 32-wide zero-initialized residual adapter can add task-specific capacity while weight decay limits overfitting.
long24	norman_double_corrected	luna	61	direct	21	L2W0M1R1	not retained	0.399	0.517	"{""lr"": {""initial"": 0.001, ""proposed"": 0.01}, ""residual"": {""initial"": false, ""proposed"": true}, ""server_momentum"": {""initial"": 0.0, ""proposed"": 0.9}, ""weight_decay"": {""initial"": 0.001, ""proposed"": 0.0}}"	The trainable response head is underfitting the nonlinear double-gene expression responses; a zero-initialized 32-wide residual adapter with a higher learning rate and server momentum will improve intervention-macro discrimination while preserving the pretrained scDEBART representation.
long24	norman_double_corrected	luna	61	direct	22	L0W1M0R0	retained	0.521	0.521	"{""lr"": {""initial"": 0.001, ""proposed"": 0.0001}}"	Reducing the learning rate from 0.001 to 0.0001 while keeping weight decay at 0.001 will reduce client-update variance and improve federated stability, but may slow adaptation of the response head and contrastive objective.
long24	norman_double_corrected	luna	61	direct	23	L2W1M1R0	not retained	0.35	0.521	"{""lr"": {""initial"": 0.001, ""proposed"": 0.01}, ""server_momentum"": {""initial"": 0.0, ""proposed"": 0.9}}"	Increasing the learning rate tenfold and adding server momentum will improve adaptation of the trainable response head across federated rounds, increasing intervention-macro Top1 without changing regularization.
long24	norman_double_corrected	luna	61	direct	24	L0W1M1R0	not retained	0.45600000000000007	0.521	"{""lr"": {""initial"": 0.001, ""proposed"": 0.0001}, ""server_momentum"": {""initial"": 0.0, ""proposed"": 0.9}}"	Reducing the learning rate to 0.0001 while adding 0.9 server momentum, with weight decay unchanged at 0.001, will improve optimization stability across heterogeneous clients and yield better intervention-macro Top1 than the reference.
long24	norman_double_corrected	luna	61	loop	1	L1W1M0R1	retained	0.4	0.4	"{""residual"": {""initial"": false, ""proposed"": true}}"	Adding a zero-initialized 32-wide residual adapter while retaining the trainable response head will improve double-gene intervention discrimination by modeling task-specific expression-response corrections without disrupting the frozen scDEBART representation.
long24	norman_double_corrected	luna	61	loop	2	L0W1M0R1	retained	0.517	0.517	"{""lr"": {""initial"": 0.001, ""proposed"": 0.0001}, ""residual"": {""initial"": false, ""proposed"": true}}"	Reducing the learning rate from 0.001 to 0.0001 while retaining the 0.001 weight decay and zero-initialized 32-wide residual adapter will improve intervention discrimination by reducing late-round overfitting and preserving the best intermediate representation.
long24	norman_double_corrected	luna	61	loop	3	L0W1M1R1	not retained	0.48100000000000004	0.517	"{""lr"": {""initial"": 0.001, ""proposed"": 0.0001}, ""residual"": {""initial"": false, ""proposed"": true}, ""server_momentum"": {""initial"": 0.0, ""proposed"": 0.9}}"	Adding 0.9 server momentum while keeping the reference learning rate, weight decay, and residual adapter will improve intervention discrimination by smoothing client-update noise across federated rounds and accelerating consistent progress without changing the model capacity.
long24	norman_double_corrected	luna	61	loop	4	L0W1M0R0	retained	0.521	0.521	"{""lr"": {""initial"": 0.001, ""proposed"": 0.0001}}"	Removing the zero-initialized 32-wide residual adapter while retaining the reference learning rate, weight decay, and trainable response head will reduce intervention discrimination because the adapter appears beneficial at the low learning rate by capturing task-specific expression-response corrections.
long24	norman_double_corrected	luna	61	loop	5	L0W1M1R0	not retained	0.45600000000000007	0.521	"{""lr"": {""initial"": 0.001, ""proposed"": 0.0001}, ""server_momentum"": {""initial"": 0.0, ""proposed"": 0.9}}"	Adding 0.9 server momentum to the reference configuration while keeping the trainable response head and 0.001 weight decay will test whether momentum is harmful specifically when combined with the residual adapter; without the adapter, it may smooth client-update noise without introducing adapter-driven instability.
long24	norman_double_corrected	luna	61	loop	6	L0W2M0R0	not retained	0.521	0.521	"{""lr"": {""initial"": 0.001, ""proposed"": 0.0001}, ""weight_decay"": {""initial"": 0.001, ""proposed"": 0.01}}"	Increasing weight decay from 0.001 to 0.01 while retaining the reference learning rate, no server momentum, and no residual adapter will reduce overfitting of the trainable response head and improve generalization of double-gene intervention discrimination across clients.
long24	norman_double_corrected	luna	61	loop	7	L0W0M0R0	retained	0.521	0.521	"{""lr"": {""initial"": 0.001, ""proposed"": 0.0001}, ""weight_decay"": {""initial"": 0.001, ""proposed"": 0.0}}"	Removing the small weight decay from the reference configuration will improve double-gene intervention discrimination because the low learning rate shows continued development improvement without clear overfitting, suggesting mild regularization may be constraining useful response-head adaptation.
long24	norman_double_corrected	luna	61	loop	8	L0W2M0R1	not retained	0.517	0.521	"{""lr"": {""initial"": 0.001, ""proposed"": 0.0001}, ""residual"": {""initial"": false, ""proposed"": true}, ""weight_decay"": {""initial"": 0.001, ""proposed"": 0.01}}"	Increasing weight decay from 0.0 to 0.01 while adding the zero-initialized 32-wide residual adapter may improve generalization by constraining adapter and response-head updates against client-specific overfitting, despite the adapter’s small disadvantage at weight decay 0.001.
long24	norman_double_corrected	luna	61	loop	9	L1W0M0R0	not retained	0.4	0.521	"{""weight_decay"": {""initial"": 0.001, ""proposed"": 0.0}}"	Increasing the learning rate from 0.0001 to 0.001 while keeping the reference architecture, zero weight decay, no server momentum, and trainable response head will cause earlier development gains but increase late-round overfitting, reducing the selected primary intervention-macro Top1.
long24	norman_double_corrected	luna	61	loop	10	L0W0M0R1	not retained	0.517	0.521	"{""lr"": {""initial"": 0.001, ""proposed"": 0.0001}, ""residual"": {""initial"": false, ""proposed"": true}, ""weight_decay"": {""initial"": 0.001, ""proposed"": 0.0}}"	Adding a zero-initialized 32-wide residual adapter to the low-learning-rate, zero-weight-decay reference will not improve intervention discrimination, because prior low-learning-rate results show the adapter slightly reduces Top1 while removing weight decay does not materially change the head-only outcome; this tests whether the adapter remains unnecessary without regularization.
long24	norman_double_corrected	luna	61	loop	11	L1W0M0R1	not retained	0.4	0.521	"{""residual"": {""initial"": false, ""proposed"": true}, ""weight_decay"": {""initial"": 0.001, ""proposed"": 0.0}}"	Increasing the learning rate from 0.0001 to 0.001 while retaining no server momentum, no weight decay, and adding the zero-initialized 32-wide residual adapter will accelerate early fitting but cause late-round overfitting, reducing selected intervention-macro Top1 despite lower training loss.
long24	norman_double_corrected	luna	61	loop	12	L0W0M1R0	not retained	0.45600000000000007	0.521	"{""lr"": {""initial"": 0.001, ""proposed"": 0.0001}, ""server_momentum"": {""initial"": 0.0, ""proposed"": 0.9}, ""weight_decay"": {""initial"": 0.001, ""proposed"": 0.0}}"	Adding 0.9 server momentum to the low-learning-rate, zero-weight-decay head-only configuration will reduce intervention-macro Top1 by amplifying cross-client update noise and causing late-round overshoot, as observed with momentum under 0.001 weight decay.
long24	norman_double_corrected	luna	61	loop	13	L1W1M1R0	not retained	0.35	0.521	"{""server_momentum"": {""initial"": 0.0, ""proposed"": 0.9}}"	Increasing the learning rate to 0.001, adding 0.001 weight decay, and enabling 0.9 server momentum while retaining the head-only architecture will cause earlier fitting but reduce selected intervention-macro Top1 through late-round overshoot and cross-client update amplification, as suggested by high-learning-rate degradation and momentum’s poor intermediate-round selection.
long24	norman_double_corrected	luna	61	loop	14	L1W2M0R0	not retained	0.4	0.521	"{""weight_decay"": {""initial"": 0.001, ""proposed"": 0.01}}"	Increasing the learning rate to 0.001 and adding 0.01 weight decay while retaining no server momentum and the head-only architecture will reduce selected intervention-macro Top1 versus the reference: the higher rate should cause late-round overfitting, while stronger decay may only partially constrain it, as prior 0.001-rate runs degraded after intermediate-round peaks.
long24	norman_double_corrected	luna	61	loop	15	L0W2M1R0	not retained	0.45600000000000007	0.521	"{""lr"": {""initial"": 0.001, ""proposed"": 0.0001}, ""server_momentum"": {""initial"": 0.0, ""proposed"": 0.9}, ""weight_decay"": {""initial"": 0.001, ""proposed"": 0.01}}"	Combining 0.01 weight decay with 0.9 server momentum in the head-only model will remain worse than the no-momentum reference because momentum previously caused intermediate-round overshoot and late degradation; stronger decay may partially stabilize but is unlikely to restore the sustained low-rate gains.
long24	norman_double_corrected	luna	61	loop	16	L0W2M1R1	not retained	0.48100000000000004	0.521	"{""lr"": {""initial"": 0.001, ""proposed"": 0.0001}, ""residual"": {""initial"": false, ""proposed"": true}, ""server_momentum"": {""initial"": 0.0, ""proposed"": 0.9}, ""weight_decay"": {""initial"": 0.001, ""proposed"": 0.01}}"	Using a low learning rate with 0.01 weight decay, 0.9 server momentum, and a zero-initialized residual adapter will improve intervention-macro Top1 by combining the low-rate regime’s sustained fitting with stronger regularization, while momentum smooths client updates; the test is whether this offsets the momentum degradation observed at 0.001 weight decay.
long24	norman_double_corrected	luna	61	loop	17	L0W0M1R1	not retained	0.48100000000000004	0.521	"{""lr"": {""initial"": 0.001, ""proposed"": 0.0001}, ""residual"": {""initial"": false, ""proposed"": true}, ""server_momentum"": {""initial"": 0.0, ""proposed"": 0.9}, ""weight_decay"": {""initial"": 0.001, ""proposed"": 0.0}}"	At the low learning rate with no weight decay, adding the zero-initialized 32-wide residual adapter together with 0.9 server momentum will reduce selected intervention-macro Top1 versus the strong low-rate head-only, no-momentum regime because momentum amplifies cross-client update noise and causes intermediate-round overshoot, while the adapter does not compensate for that instability.
long24	norman_double_corrected	luna	61	loop	18	L2W1M0R0	not retained	0.298	0.521	"{""lr"": {""initial"": 0.001, ""proposed"": 0.01}}"	Increasing the learning rate from 0.0001 to 0.01 while using 0.001 weight decay and no server momentum will cause faster fitting but likely reduce selected intervention-macro Top1 through late-round overshoot and overfitting, testing whether mild decay can stabilize the high-rate head-only regime.
long24	norman_double_corrected	luna	61	loop	19	L1W1M1R1	not retained	0.42000000000000004	0.521	"{""residual"": {""initial"": false, ""proposed"": true}, ""server_momentum"": {""initial"": 0.0, ""proposed"": 0.9}}"	Increasing the learning rate to 0.001, adding 0.001 weight decay and 0.9 server momentum, and adding the zero-initialized 32-wide residual adapter will reduce selected intervention-macro Top1 versus the reference because high-rate fitting previously overfit after intermediate rounds, while momentum caused overshoot; the adapter is unlikely to offset this instability.
long24	norman_double_corrected	luna	61	loop	20	L1W2M0R1	not retained	0.4	0.521	"{""residual"": {""initial"": false, ""proposed"": true}, ""weight_decay"": {""initial"": 0.001, ""proposed"": 0.01}}"	Using lr 0.001 with weight decay 0.01, no server momentum, and a zero-initialized 32-wide residual adapter will underperform the reference because the higher learning rate has repeatedly shown late-round overfitting, while stronger decay is unlikely to offset the degradation and the adapter has not helped consistently in the high-rate regime.
long24	norman_double_corrected	luna	61	loop	21	L1W2M1R0	not retained	0.441	0.521	"{""server_momentum"": {""initial"": 0.0, ""proposed"": 0.9}, ""weight_decay"": {""initial"": 0.001, ""proposed"": 0.01}}"	Compared with the reference, increasing the learning rate to 0.001, adding 0.01 weight decay, and enabling 0.9 server momentum will reduce selected intervention-macro Top1 because high-rate training has shown late-round overfitting, while momentum has caused intermediate-round overshoot that stronger decay is unlikely to overcome.
long24	norman_double_corrected	luna	61	loop	22	L2W2M0R0	not retained	0.29900000000000004	0.521	"{""lr"": {""initial"": 0.001, ""proposed"": 0.01}, ""weight_decay"": {""initial"": 0.001, ""proposed"": 0.01}}"	Increasing the learning rate to 0.01 with 0.01 weight decay, no server momentum, and the head-only architecture will improve stability relative to the previously tested high-rate setting with weaker decay, but will still underperform the low-rate reference because the 0.01 learning-rate regime shows severe training instability and poor intervention discrimination.
long24	norman_double_corrected	luna	61	loop	23	L1W0M1R0	not retained	0.372	0.521	"{""server_momentum"": {""initial"": 0.0, ""proposed"": 0.9}, ""weight_decay"": {""initial"": 0.001, ""proposed"": 0.0}}"	Compared with the reference, increasing the learning rate to 0.001 and adding 0.9 server momentum will reduce intervention-macro Top1 because the higher-rate regime shows late-round overfitting, while momentum has repeatedly caused intermediate-round overshoot and instability across clients.
long24	norman_double_corrected	luna	61	loop	24	L1W0M1R1	not retained	0.42699999999999994	0.521	"{""residual"": {""initial"": false, ""proposed"": true}, ""server_momentum"": {""initial"": 0.0, ""proposed"": 0.9}, ""weight_decay"": {""initial"": 0.001, ""proposed"": 0.0}}"	Relative to the reference, increasing the learning rate to 0.001, adding 0.9 server momentum, and introducing a zero-initialized 32-wide residual adapter will reduce selected intervention-macro Top1 because the higher-rate regime tends to overfit after intermediate rounds, while momentum may amplify cross-client update noise and the adapter will not offset this instability.
long24	norman_double_corrected	qwen	61	direct	1	L1W1M0R1	retained	0.4	0.4	"{""residual"": {""initial"": false, ""proposed"": true}}"	Introducing a residual connection (adding a 32-wide adapter) will improve the model's ability to capture complex patterns in the gene expression data, leading to better performance on the top1 macro intervention identification task.
long24	norman_double_corrected	qwen	61	direct	2	L0W0M0R1	retained	0.517	0.517	"{""lr"": {""initial"": 0.001, ""proposed"": 0.0001}, ""residual"": {""initial"": false, ""proposed"": true}, ""weight_decay"": {""initial"": 0.001, ""proposed"": 0.0}}"	Introducing a residual adapter (with 32-wide layers) will improve the model's ability to capture complex patterns in gene expression data, thereby potentially enhancing the primary intervention-macro Top1 accuracy.
long24	norman_double_corrected	qwen	61	direct	3	L0W1M1R1	not retained	0.48100000000000004	0.517	"{""lr"": {""initial"": 0.001, ""proposed"": 0.0001}, ""residual"": {""initial"": false, ""proposed"": true}, ""server_momentum"": {""initial"": 0.0, ""proposed"": 0.9}}"	Introducing a residual adapter (residual: true) will improve the stability of the model without compromising its primary performance on the top-1 intervention-macro task.
long24	norman_double_corrected	qwen	61	direct	4		invalid		0.517	{}	
long24	norman_double_corrected	qwen	61	direct	5	L1W1M1R1	not retained	0.42000000000000004	0.517	"{""residual"": {""initial"": false, ""proposed"": true}, ""server_momentum"": {""initial"": 0.0, ""proposed"": 0.9}}"	Introducing a residual adapter layer (residual: true) will improve the model's ability to capture subtle differences in gene expression responses, leading to better performance on the top-1 macro intervention identification task.
long24	norman_double_corrected	qwen	61	direct	6	L0W0M1R1	not retained	0.48100000000000004	0.517	"{""lr"": {""initial"": 0.001, ""proposed"": 0.0001}, ""residual"": {""initial"": false, ""proposed"": true}, ""server_momentum"": {""initial"": 0.0, ""proposed"": 0.9}, ""weight_decay"": {""initial"": 0.001, ""proposed"": 0.0}}"	Introducing a residual connection with a 32-wide adapter (residual=true) will improve the model's ability to generalize across different learning rates and weight decay settings by allowing for more complex representations without increasing the model's capacity too much, thus reducing overfitting and improving the stability of the training process.
long24	norman_double_corrected	qwen	61	direct	7		invalid		0.517	{}	
long24	norman_double_corrected	qwen	61	direct	8	L2W2M1R1	not retained	0.367	0.517	"{""lr"": {""initial"": 0.001, ""proposed"": 0.01}, ""residual"": {""initial"": false, ""proposed"": true}, ""server_momentum"": {""initial"": 0.0, ""proposed"": 0.9}, ""weight_decay"": {""initial"": 0.001, ""proposed"": 0.01}}"	Adding a residual adapter (residual: true) will improve the primary intervention-macro Top1 performance by providing additional representational capacity, especially in deeper networks (lr=0.01, weight_decay=0.01) where the model might otherwise underfit.
long24	norman_double_corrected	qwen	61	direct	9	L0W1M0R1	retained	0.517	0.517	"{""lr"": {""initial"": 0.001, ""proposed"": 0.0001}, ""residual"": {""initial"": false, ""proposed"": true}}"	Introducing a residual adapter (residual: true) will improve the model's ability to capture complex relationships in the data, leading to better performance on the top-1 macro intervention prediction task.
long24	norman_double_corrected	qwen	61	direct	10		invalid		0.517	{}	
long24	norman_double_corrected	qwen	61	direct	11	L1W2M0R1	not retained	0.4	0.517	"{""residual"": {""initial"": false, ""proposed"": true}, ""weight_decay"": {""initial"": 0.001, ""proposed"": 0.01}}"	Introducing a residual connection with a 32-wide adapter layer will improve the model's ability to generalize across different learning rates and weight decay settings, particularly in scenarios where the model might otherwise underfit or overfit due to these hyperparameters.
long24	norman_double_corrected	qwen	61	direct	12	L1W2M1R1	not retained	0.446	0.517	"{""residual"": {""initial"": false, ""proposed"": true}, ""server_momentum"": {""initial"": 0.0, ""proposed"": 0.9}, ""weight_decay"": {""initial"": 0.001, ""proposed"": 0.01}}"	Introducing a residual adapter (with zero-initialized weights) in the model will improve the top-1 accuracy of the intervention-macro task by providing additional capacity for the model to capture complex patterns in the data, which could lead to better generalization.
long24	norman_double_corrected	qwen	61	direct	13		invalid		0.517	{}	
long24	norman_double_corrected	qwen	61	direct	14		invalid		0.517	{}	
long24	norman_double_corrected	qwen	61	direct	15		invalid		0.517	{}	
long24	norman_double_corrected	qwen	61	direct	16		invalid		0.517	{}	
long24	norman_double_corrected	qwen	61	direct	17	L2W2M0R1	not retained	0.298	0.517	"{""lr"": {""initial"": 0.001, ""proposed"": 0.01}, ""residual"": {""initial"": false, ""proposed"": true}, ""weight_decay"": {""initial"": 0.001, ""proposed"": 0.01}}"	Introducing a residual connection with a 32-wide adapter layer (L2W2M0R1) will improve the top-1 accuracy of the macro intervention prediction compared to the baseline configuration without such a connection (L2W2M0R0). This is hypothesized because the residual connection can help mitigate vanishing gradients and allow the network to learn more complex representations, thereby potentially improving performance on this task.
long24	norman_double_corrected	qwen	61	direct	18	L2W1M0R1	not retained	0.298	0.517	"{""lr"": {""initial"": 0.001, ""proposed"": 0.01}, ""residual"": {""initial"": false, ""proposed"": true}}"	Introducing a residual adapter with a wide hidden layer (L2W1M0R1) will improve the model's ability to capture complex interactions between genes, leading to better performance in identifying five-option perturbations based on expression responses.
long24	norman_double_corrected	qwen	61	direct	19	L2W0M1R1	not retained	0.399	0.517	"{""lr"": {""initial"": 0.001, ""proposed"": 0.01}, ""residual"": {""initial"": false, ""proposed"": true}, ""server_momentum"": {""initial"": 0.0, ""proposed"": 0.9}, ""weight_decay"": {""initial"": 0.001, ""proposed"": 0.0}}"	Introducing a residual connection with a 32-wide adapter (residual: true) will improve the model's ability to generalize, as it allows for learning more complex mappings without increasing the depth of the network.
long24	norman_double_corrected	qwen	61	direct	20	L2W1M1R1	not retained	0.41	0.517	"{""lr"": {""initial"": 0.001, ""proposed"": 0.01}, ""residual"": {""initial"": false, ""proposed"": true}, ""server_momentum"": {""initial"": 0.0, ""proposed"": 0.9}}"	Introducing a residual connection with a 32-wide adapter layer (residual: true) will improve the stability and generalization of the model during training, leading to better performance on the primary intervention-macro Top1 metric without increasing the risk of overfitting.
long24	norman_double_corrected	qwen	61	direct	21		invalid		0.517	{}	
long24	norman_double_corrected	qwen	61	direct	22	L0W2M0R1	retained	0.517	0.517	"{""lr"": {""initial"": 0.001, ""proposed"": 0.0001}, ""residual"": {""initial"": false, ""proposed"": true}, ""weight_decay"": {""initial"": 0.001, ""proposed"": 0.01}}"	Introducing a residual adapter (residual: true) will improve the model's ability to capture complex patterns in gene expression responses, leading to better performance on the primary intervention-macro Top1 metric without sacrificing stability.
long24	norman_double_corrected	qwen	61	direct	23		invalid		0.517	{}	
long24	norman_double_corrected	qwen	61	direct	24	L1W0M0R1	not retained	0.4	0.517	"{""residual"": {""initial"": false, ""proposed"": true}, ""weight_decay"": {""initial"": 0.001, ""proposed"": 0.0}}"	Introducing a residual connection in the model will improve the top-1 intervention-macro performance by allowing the model to learn more complex mappings from gene perturbations to expression responses.
long24	norman_double_corrected	qwen	61	loop	1	L1W1M0R1	retained	0.4	0.4	"{""residual"": {""initial"": false, ""proposed"": true}}"	Introducing a residual connection (adding a 32-wide adapter) will improve the model's ability to capture complex patterns in the gene expression data, leading to better performance on the top1 macro intervention identification task.
long24	norman_double_corrected	qwen	61	loop	2		invalid		0.4	{}	
long24	norman_double_corrected	qwen	61	loop	3		invalid		0.4	{}	
long24	norman_double_corrected	qwen	61	loop	4	L1W0M0R1	retained	0.4	0.4	"{""residual"": {""initial"": false, ""proposed"": true}, ""weight_decay"": {""initial"": 0.001, ""proposed"": 0.0}}"	Introducing a residual connection (adding a 32-wide adapter) will improve the model's ability to capture complex patterns in the gene expression data, leading to better performance on the top1 macro intervention identification task.
long24	norman_double_corrected	qwen	61	loop	5	L0W0M0R1	retained	0.517	0.517	"{""lr"": {""initial"": 0.001, ""proposed"": 0.0001}, ""residual"": {""initial"": false, ""proposed"": true}, ""weight_decay"": {""initial"": 0.001, ""proposed"": 0.0}}"	Introducing a residual connection (adding a 32-wide adapter) will improve the model's ability to capture complex patterns in the gene expression data, leading to better performance on the top1 macro intervention identification task.
long24	norman_double_corrected	qwen	61	loop	6	L1W2M1R1	not retained	0.446	0.517	"{""residual"": {""initial"": false, ""proposed"": true}, ""server_momentum"": {""initial"": 0.0, ""proposed"": 0.9}, ""weight_decay"": {""initial"": 0.001, ""proposed"": 0.01}}"	Introducing a residual connection (adding a 32-wide adapter) will improve the model's ability to capture complex patterns in the gene expression data, leading to better performance on the top1 macro intervention identification task.
long24	norman_double_corrected	qwen	61	loop	7		invalid		0.517	{}	
long24	norman_double_corrected	qwen	61	loop	8	L0W0M1R1	not retained	0.48100000000000004	0.517	"{""lr"": {""initial"": 0.001, ""proposed"": 0.0001}, ""residual"": {""initial"": false, ""proposed"": true}, ""server_momentum"": {""initial"": 0.0, ""proposed"": 0.9}, ""weight_decay"": {""initial"": 0.001, ""proposed"": 0.0}}"	Introducing a residual connection (adding a 32-wide adapter) will improve the model's ability to capture complex patterns in the gene expression data, leading to better performance on the top1 macro intervention identification task.
long24	norman_double_corrected	qwen	61	loop	9		invalid		0.517	{}	
long24	norman_double_corrected	qwen	61	loop	10		invalid		0.517	{}	
long24	norman_double_corrected	qwen	61	loop	11		invalid		0.517	{}	
long24	norman_double_corrected	qwen	61	loop	12	L1W1M1R1	not retained	0.42000000000000004	0.517	"{""residual"": {""initial"": false, ""proposed"": true}, ""server_momentum"": {""initial"": 0.0, ""proposed"": 0.9}}"	Introducing a residual connection (adding a 32-wide adapter) will improve the model's ability to capture complex patterns in the gene expression data, leading to better performance on the top1 macro intervention identification task.
long24	norman_double_corrected	qwen	61	loop	13		invalid		0.517	{}	
long24	norman_double_corrected	qwen	61	loop	14	L0W1M1R1	not retained	0.48100000000000004	0.517	"{""lr"": {""initial"": 0.001, ""proposed"": 0.0001}, ""residual"": {""initial"": false, ""proposed"": true}, ""server_momentum"": {""initial"": 0.0, ""proposed"": 0.9}}"	Introducing a residual connection (adding a 32-wide adapter) will improve the model's ability to capture complex patterns in the gene expression data, leading to better performance on the top1 macro intervention identification task.
long24	norman_double_corrected	qwen	61	loop	15	L1W2M0R0	not retained	0.4	0.517	"{""weight_decay"": {""initial"": 0.001, ""proposed"": 0.01}}"	Introducing a residual connection (adding a 32-wide adapter) will improve the model's ability to capture complex patterns in the gene expression data, leading to better performance on the top1 macro intervention identification task.
long24	norman_double_corrected	qwen	61	loop	16	L1W1M1R0	not retained	0.35	0.517	"{""server_momentum"": {""initial"": 0.0, ""proposed"": 0.9}}"	Introducing a residual connection (adding a 32-wide adapter) will improve the model's ability to capture complex patterns in the gene expression data, leading to better performance on the top1 macro intervention identification task.
long24	norman_double_corrected	qwen	61	loop	17		invalid		0.517	{}	
long24	norman_double_corrected	qwen	61	loop	18		invalid		0.517	{}	
long24	norman_double_corrected	qwen	61	loop	19	L0W1M0R1	retained	0.517	0.517	"{""lr"": {""initial"": 0.001, ""proposed"": 0.0001}, ""residual"": {""initial"": false, ""proposed"": true}}"	Introducing a residual connection (adding a 32-wide adapter) will improve the model's ability to capture complex patterns in the gene expression data, leading to better performance on the top1 macro intervention identification task.
long24	norman_double_corrected	qwen	61	loop	20		invalid		0.517	{}	
long24	norman_double_corrected	qwen	61	loop	21	L1W2M0R1	not retained	0.4	0.517	"{""residual"": {""initial"": false, ""proposed"": true}, ""weight_decay"": {""initial"": 0.001, ""proposed"": 0.01}}"	Introducing a residual connection (adding a 32-wide adapter) will improve the model's ability to capture complex patterns in the gene expression data, leading to better performance on the top1 macro intervention identification task.
long24	norman_double_corrected	qwen	61	loop	22		invalid		0.517	{}	
long24	norman_double_corrected	qwen	61	loop	23		invalid		0.517	{}	
long24	norman_double_corrected	qwen	61	loop	24	L0W2M1R1	not retained	0.48100000000000004	0.517	"{""lr"": {""initial"": 0.001, ""proposed"": 0.0001}, ""residual"": {""initial"": false, ""proposed"": true}, ""server_momentum"": {""initial"": 0.0, ""proposed"": 0.9}, ""weight_decay"": {""initial"": 0.001, ""proposed"": 0.01}}"	Introducing a residual connection (adding a 32-wide adapter) will improve the model's ability to capture complex patterns in the gene expression data, leading to better performance on the top1 macro intervention identification task.
long24	tahoe_drug_corrected	luna	61	direct	1	L1W1M0R1	not retained	0.3	0.3	"{""residual"": {""initial"": false, ""proposed"": true}}"	Adding the zero-initialized 32-wide residual adapter while retaining the reference learning rate and weight decay will improve intervention-macro Top1 by providing a trainable correction path for drug-response features without disrupting the frozen scDEBART representation. The zero initialization preserves the reference function at round zero, while joint head and adapter training can capture response patterns missed by the fixed adapter.
long24	tahoe_drug_corrected	luna	61	direct	2	L1W1M1R1	not retained	0.2833333333333333	0.3	"{""residual"": {""initial"": false, ""proposed"": true}, ""server_momentum"": {""initial"": 0.0, ""proposed"": 0.9}}"	Adding a zero-initialized 32-wide residual adapter while enabling 0.9 server momentum will improve intervention-macro Top1 by increasing task-specific response capacity and smoothing client-update noise without disrupting the pretrained representation.
long24	tahoe_drug_corrected	luna	61	direct	3	L1W1M1R0	not retained	0.3	0.3	"{""server_momentum"": {""initial"": 0.0, ""proposed"": 0.9}}"	Adding server momentum while keeping the learning rate and base-head training unchanged will improve aggregation across heterogeneous clients by smoothing round-to-round update noise, increasing intervention-macro Top1 without adding model capacity.
long24	tahoe_drug_corrected	luna	61	direct	4	L1W2M0R1	retained	0.3	0.3	"{""residual"": {""initial"": false, ""proposed"": true}, ""weight_decay"": {""initial"": 0.001, ""proposed"": 0.01}}"	The reference may underfit drug-specific expression responses because its fixed adapter and response head lack sufficient task-specific capacity; adding a zero-initialized 32-wide residual adapter while retaining head training should improve intervention-macro discrimination without disrupting the initial function.
long24	tahoe_drug_corrected	luna	61	direct	5	L1W2M1R1	retained	0.35	0.35	"{""residual"": {""initial"": false, ""proposed"": true}, ""server_momentum"": {""initial"": 0.0, ""proposed"": 0.9}, ""weight_decay"": {""initial"": 0.001, ""proposed"": 0.01}}"	Adding a zero-initialized 32-wide residual adapter with stronger weight decay and server momentum will improve intervention-macro discrimination by capturing task-specific response corrections while stabilizing their aggregation across clients.
long24	tahoe_drug_corrected	luna	61	direct	6	L1W0M0R1	not retained	0.3	0.35	"{""residual"": {""initial"": false, ""proposed"": true}, ""weight_decay"": {""initial"": 0.001, ""proposed"": 0.0}}"	Adding a zero-output-initialized 32-wide residual adapter while removing weight decay will improve representation flexibility and let the trainable response head capture drug-specific expression deviations without disrupting the frozen scDEBART pathway.
long24	tahoe_drug_corrected	luna	61	direct	7	L1W0M0R0	not retained	0.3	0.35	"{""weight_decay"": {""initial"": 0.001, ""proposed"": 0.0}}"	Removing weight decay while retaining the reference learning rate, architecture, and aggregation will reduce bias in the trainable response head and improve intervention-macro Top1 when the frozen representation already limits capacity; this tests whether regularization is causing underfitting.
long24	tahoe_drug_corrected	luna	61	direct	8	L1W2M1R0	not retained	0.3	0.35	"{""server_momentum"": {""initial"": 0.0, ""proposed"": 0.9}, ""weight_decay"": {""initial"": 0.001, ""proposed"": 0.01}}"	Adding server momentum 0.9 to the reference configuration will improve federated optimization by accumulating consistent update directions across clients, increasing intervention-macro Top1 without changing the local objective or model capacity.
long24	tahoe_drug_corrected	luna	61	direct	9	L1W2M0R0	not retained	0.3	0.35	"{""weight_decay"": {""initial"": 0.001, ""proposed"": 0.01}}"	Increasing weight decay from 0.001 to 0.01 while keeping the learning rate at 0.001 will reduce overfitting of the trainable response head to client-specific expression patterns, improving intervention-macro Top1 and development cross-entropy.
long24	tahoe_drug_corrected	luna	61	direct	10	L1W0M1R1	not retained	0.31666666666666665	0.35	"{""residual"": {""initial"": false, ""proposed"": true}, ""server_momentum"": {""initial"": 0.0, ""proposed"": 0.9}, ""weight_decay"": {""initial"": 0.001, ""proposed"": 0.0}}"	Adding a zero-initialized 32-wide residual adapter while using server momentum will improve intervention-macro Top1 by allowing client-specific expression-response corrections without disrupting the pretrained representation; removing weight decay may preserve these small corrective parameters.
long24	tahoe_drug_corrected	luna	61	direct	11	L0W1M0R0	not retained	0.2833333333333333	0.35	"{""lr"": {""initial"": 0.001, ""proposed"": 0.0001}}"	Reducing the learning rate from 0.001 to 0.0001 while retaining weight decay 0.001 will improve federated stability and generalization, because smaller local updates should reduce client-drift amplification during parameter averaging; however, excessive underfitting would appear as persistently slower development-loss improvement.
long24	tahoe_drug_corrected	luna	61	direct	12	L0W0M0R1	not retained	0.26666666666666666	0.35	"{""lr"": {""initial"": 0.001, ""proposed"": 0.0001}, ""residual"": {""initial"": false, ""proposed"": true}, ""weight_decay"": {""initial"": 0.001, ""proposed"": 0.0}}"	Adding the zero-initialized 32-wide residual adapter while lowering the learning rate to 0.0001 and removing weight decay will improve intervention-macro Top1 by enabling stable task-specific corrections without disrupting the frozen scDEBART representation.
long24	tahoe_drug_corrected	luna	61	direct	13	L1W0M1R0	not retained	0.3	0.35	"{""server_momentum"": {""initial"": 0.0, ""proposed"": 0.9}, ""weight_decay"": {""initial"": 0.001, ""proposed"": 0.0}}"	Adding server momentum while removing weight decay will improve optimization of the trainable response head by accumulating consistent cross-client updates without shrinking task-specific parameters, improving intervention-macro Top1.
long24	tahoe_drug_corrected	luna	61	direct	14	L0W1M0R1	not retained	0.26666666666666666	0.35	"{""lr"": {""initial"": 0.001, ""proposed"": 0.0001}, ""residual"": {""initial"": false, ""proposed"": true}}"	A lower learning rate with a zero-initialized residual adapter will improve generalization by enabling small task-specific corrections while reducing noisy head updates from the cold start.
long24	tahoe_drug_corrected	luna	61	direct	15	L0W1M1R1	not retained	0.26666666666666666	0.35	"{""lr"": {""initial"": 0.001, ""proposed"": 0.0001}, ""residual"": {""initial"": false, ""proposed"": true}, ""server_momentum"": {""initial"": 0.0, ""proposed"": 0.9}}"	Reducing the learning rate to 0.0001 while adding server momentum 0.9 and a zero-initialized 32-wide residual adapter will improve intervention-macro Top1 by enabling stable, low-variance head adaptation while preserving the frozen scDEBART representation and allowing a small task-specific correction.
long24	tahoe_drug_corrected	luna	61	direct	16	L2W1M0R0	not retained	0.2	0.35	"{""lr"": {""initial"": 0.001, ""proposed"": 0.01}}"	Increasing the learning rate from 0.001 to 0.01 while retaining weight decay 0.001 will improve adaptation of the trainable response head and reduce underfitting of drug-response distinctions without adding residual capacity or server momentum.
long24	tahoe_drug_corrected	luna	61	direct	17	L0W0M1R1	not retained	0.2833333333333333	0.35	"{""lr"": {""initial"": 0.001, ""proposed"": 0.0001}, ""residual"": {""initial"": false, ""proposed"": true}, ""server_momentum"": {""initial"": 0.0, ""proposed"": 0.9}, ""weight_decay"": {""initial"": 0.001, ""proposed"": 0.0}}"	A lower learning rate with server momentum and a zero-initialized residual adapter will improve cross-client optimization stability while allowing limited task-specific correction of the frozen representation.
long24	tahoe_drug_corrected	luna	61	direct	18	L2W1M1R0	not retained	0.25	0.35	"{""lr"": {""initial"": 0.001, ""proposed"": 0.01}, ""server_momentum"": {""initial"": 0.0, ""proposed"": 0.9}}"	Increasing the learning rate from 0.001 to 0.01 while adding server momentum 0.9, with weight decay unchanged at 0.001, will improve optimization speed and intervention-macro Top1 if the reference is underfitting, but may cause unstable cross-client updates if the larger step is excessive.
long24	tahoe_drug_corrected	luna	61	direct	19	L0W1M1R0	not retained	0.3	0.35	"{""lr"": {""initial"": 0.001, ""proposed"": 0.0001}, ""server_momentum"": {""initial"": 0.0, ""proposed"": 0.9}}"	Compared with the reference, L0W1M1R0 lowers the learning rate from 0.001 to 0.0001 and adds 0.9 server momentum while keeping weight decay at 0.001 and the architecture unchanged. The smaller local updates should reduce client-induced oscillation, while server momentum should accumulate consistent drug-response gradients across heterogeneous clients, improving generalization rather than causing instability.
long24	tahoe_drug_corrected	luna	61	direct	20	L2W1M0R1	not retained	0.2	0.35	"{""lr"": {""initial"": 0.001, ""proposed"": 0.01}, ""residual"": {""initial"": false, ""proposed"": true}}"	Increasing the learning rate to 0.01 while adding the zero-initialized 32-wide residual adapter will improve identification by enabling faster response-head adaptation and providing a small task-specific correction pathway, while retaining weight decay to limit overfitting.
long24	tahoe_drug_corrected	luna	61	direct	21	L2W1M1R1	not retained	0.2833333333333333	0.35	"{""lr"": {""initial"": 0.001, ""proposed"": 0.01}, ""residual"": {""initial"": false, ""proposed"": true}, ""server_momentum"": {""initial"": 0.0, ""proposed"": 0.9}}"	Increasing the learning rate from 0.001 to 0.01 while retaining moderate regularization (weight decay 0.001), adding server momentum 0.9, and enabling the zero-initialized 32-wide residual adapter will improve macro Top1 by allowing faster head adaptation and low-capacity correction of frozen scDEBART features; server momentum should smooth client-update variance.
long24	tahoe_drug_corrected	luna	61	direct	22	L0W2M0R1	not retained	0.26666666666666666	0.35	"{""lr"": {""initial"": 0.001, ""proposed"": 0.0001}, ""residual"": {""initial"": false, ""proposed"": true}, ""weight_decay"": {""initial"": 0.001, ""proposed"": 0.01}}"	Adding a zero-initialized 32-wide residual adapter while lowering the learning rate to 0.0001 and increasing weight decay to 0.01 will improve intervention-macro Top1 by enabling task-specific corrections without destabilizing the frozen scDEBART representation; regularization should limit overfitting in the trainable response head.
long24	tahoe_drug_corrected	luna	61	direct	23	L2W2M1R1	not retained	0.24999999999999994	0.35	"{""lr"": {""initial"": 0.001, ""proposed"": 0.01}, ""residual"": {""initial"": false, ""proposed"": true}, ""server_momentum"": {""initial"": 0.0, ""proposed"": 0.9}, ""weight_decay"": {""initial"": 0.001, ""proposed"": 0.01}}"	Increasing optimization capacity with a residual adapter, stronger regularization, and server momentum will improve drug-identity discrimination by enabling response-specific corrections while stabilizing federated aggregation.
long24	tahoe_drug_corrected	luna	61	direct	24	L0W2M1R1	not retained	0.26666666666666666	0.35	"{""lr"": {""initial"": 0.001, ""proposed"": 0.0001}, ""residual"": {""initial"": false, ""proposed"": true}, ""server_momentum"": {""initial"": 0.0, ""proposed"": 0.9}, ""weight_decay"": {""initial"": 0.001, ""proposed"": 0.01}}"	Adding a zero-initialized 32-wide residual adapter while using stronger weight decay and server momentum will improve macro Top1 by enabling task-specific corrections without disrupting the frozen scDEBART representation; momentum should smooth heterogeneous client updates and weight decay limit head overfitting.
long24	tahoe_drug_corrected	luna	61	loop	1	L1W1M0R1	not retained	0.3	0.3	"{""residual"": {""initial"": false, ""proposed"": true}}"	Adding the zero-initialized 32-wide residual adapter while retaining the reference learning rate and weight decay will improve intervention-macro Top1 by providing a trainable correction path for drug-response features without disrupting the frozen scDEBART representation. The zero initialization preserves the reference function at round zero, while joint head and adapter training can capture response patterns missed by the fixed adapter.
long24	tahoe_drug_corrected	luna	61	loop	2	L1W1M1R0	not retained	0.3	0.3	"{""server_momentum"": {""initial"": 0.0, ""proposed"": 0.9}}"	Adding server momentum 0.9 while keeping the reference learning rate, weight decay, and non-residual architecture will improve intervention-macro Top1 by accumulating consistent cross-client update directions, helping the slowly improving head escape its plateau without adding adapter capacity that showed no benefit.
long24	tahoe_drug_corrected	luna	61	loop	3	L1W2M0R0	retained	0.3	0.3	"{""weight_decay"": {""initial"": 0.001, ""proposed"": 0.01}}"	Increasing weight decay from 0.001 to 0.01 while retaining the reference learning rate, non-residual architecture, and no server momentum will improve intervention-macro Top1 by reducing late-round overfitting of the response head. The reference shows training loss falling substantially while development performance plateaus, whereas residual capacity did not help and server momentum destabilized development loss.
long24	tahoe_drug_corrected	luna	61	loop	4	L0W2M0R0	not retained	0.2833333333333333	0.3	"{""lr"": {""initial"": 0.001, ""proposed"": 0.0001}, ""weight_decay"": {""initial"": 0.001, ""proposed"": 0.01}}"	Reducing the learning rate from 0.001 to 0.0001 while retaining weight decay 0.01, no server momentum, and no residual adapter will improve late-round development stability by limiting response-head overfitting; however, the lower rate may slow early progress within 100 rounds.
long24	tahoe_drug_corrected	luna	61	loop	5	L1W2M0R1	not retained	0.3	0.3	"{""residual"": {""initial"": false, ""proposed"": true}, ""weight_decay"": {""initial"": 0.001, ""proposed"": 0.01}}"	Adding the zero-initialized 32-wide residual adapter to the reference configuration while retaining learning rate 0.001 and weight decay 0.01 will improve intervention-macro Top1 by providing a corrective response pathway; the stronger regularization should limit the overfitting risk seen with added capacity, while prior residual evidence suggests any gain may be small.
long24	tahoe_drug_corrected	luna	61	loop	6	L2W1M0R0	not retained	0.2	0.3	"{""lr"": {""initial"": 0.001, ""proposed"": 0.01}}"	Increasing the learning rate from 0.001 to 0.01 while reducing weight decay from 0.01 to 0.001, with no server momentum or residual adapter, may improve intervention-macro Top1 if the response head remains optimization-limited within 100 rounds. The faster updates could improve class separation, while reduced regularization preserves discriminative signal; instability or worsening development loss would indicate that the observed plateau reflects overfitting or step-size sensitivity instead.
long24	tahoe_drug_corrected	luna	61	loop	7	L0W1M0R0	not retained	0.2833333333333333	0.3	"{""lr"": {""initial"": 0.001, ""proposed"": 0.0001}}"	Reducing the learning rate from 0.001 to 0.0001 while using lighter weight decay of 0.001 may improve development cross-entropy and stabilize the response head without the instability seen with server momentum or the optimization failure at learning rate 0.01. The lower rate may limit late-round overfitting, while lighter decay preserves discriminative response signals.
long24	tahoe_drug_corrected	luna	61	loop	8	L0W2M0R1	not retained	0.26666666666666666	0.3	"{""lr"": {""initial"": 0.001, ""proposed"": 0.0001}, ""residual"": {""initial"": false, ""proposed"": true}, ""weight_decay"": {""initial"": 0.001, ""proposed"": 0.01}}"	Adding the zero-initialized 32-wide residual adapter to the low-learning-rate, strongly regularized configuration will improve intervention-macro Top1 by capturing response corrections that the frozen drug-feature adapter misses, while the 0.0001 learning rate and 0.01 weight decay limit overfitting and instability. This tests whether residual capacity becomes useful only under the more stable optimization regime suggested by the low-rate development-loss gains.
long24	tahoe_drug_corrected	luna	61	loop	9	L2W2M0R0	not retained	0.2	0.3	"{""lr"": {""initial"": 0.001, ""proposed"": 0.01}, ""weight_decay"": {""initial"": 0.001, ""proposed"": 0.01}}"	Increasing the learning rate to 0.01 while retaining strong weight decay of 0.01 may improve optimization speed without the severe instability observed at learning rate 0.01 with weight decay 0.001; strong regularization may constrain the response head and preserve development performance.
long24	tahoe_drug_corrected	luna	61	loop	10	L0W2M1R0	retained	0.3333333333333333	0.3333333333333333	"{""lr"": {""initial"": 0.001, ""proposed"": 0.0001}, ""server_momentum"": {""initial"": 0.0, ""proposed"": 0.9}, ""weight_decay"": {""initial"": 0.001, ""proposed"": 0.01}}"	Reducing the learning rate to 0.0001 while adding server momentum 0.9, with the reference weight decay and non-residual architecture, will test whether momentum can accelerate the otherwise stable low-rate optimization without causing the instability observed at learning rate 0.001. The lower step size and strong regularization may constrain accumulated cross-client updates, improving development Top1 if the prior momentum failure was step-size sensitive; persistent loss worsening would refute this.
long24	tahoe_drug_corrected	luna	61	loop	11	L0W2M1R1	not retained	0.26666666666666666	0.3333333333333333	"{""lr"": {""initial"": 0.001, ""proposed"": 0.0001}, ""residual"": {""initial"": false, ""proposed"": true}, ""server_momentum"": {""initial"": 0.0, ""proposed"": 0.9}, ""weight_decay"": {""initial"": 0.001, ""proposed"": 0.01}}"	Adding the zero-initialized 32-wide residual adapter to the successful low-learning-rate, weight-decay-0.01, momentum-0.9 configuration will improve intervention-macro Top1 by providing a corrective pathway for response patterns missed by the frozen drug-feature adapter. The test distinguishes useful residual capacity from the previously unsupported residual settings, which showed no gain at higher learning rate or without momentum.
long24	tahoe_drug_corrected	luna	61	loop	12	L1W2M1R0	not retained	0.3	0.3333333333333333	"{""server_momentum"": {""initial"": 0.0, ""proposed"": 0.9}, ""weight_decay"": {""initial"": 0.001, ""proposed"": 0.01}}"	Increasing weight decay to 0.01 while retaining learning rate 0.001, server momentum 0.9, and the non-residual architecture may stabilize the momentum-induced development degradation by constraining response-head updates. This tests whether the prior momentum failure was primarily overfitting or update accumulation rather than an intrinsically harmful momentum mechanism.
long24	tahoe_drug_corrected	luna	61	loop	13	L1W2M1R1	retained	0.35	0.35	"{""residual"": {""initial"": false, ""proposed"": true}, ""server_momentum"": {""initial"": 0.0, ""proposed"": 0.9}, ""weight_decay"": {""initial"": 0.001, ""proposed"": 0.01}}"	Increasing the learning rate to 0.001, adding strong weight decay of 0.01, and enabling the zero-initialized 32-wide residual adapter may improve intervention-macro Top1 by combining faster head adaptation with regularization against the momentum-related late-round degradation. This tests whether stronger decay can stabilize residual capacity and the larger step size, though worsening development loss would indicate continued momentum instability or residual overfitting.
long24	tahoe_drug_corrected	luna	61	loop	14	L0W1M1R1	not retained	0.26666666666666666	0.35	"{""lr"": {""initial"": 0.001, ""proposed"": 0.0001}, ""residual"": {""initial"": false, ""proposed"": true}, ""server_momentum"": {""initial"": 0.0, ""proposed"": 0.9}}"	At learning rate 0.0001 with weight decay 0.001 and server momentum 0.9, adding the zero-initialized 32-wide residual adapter will improve intervention-macro Top1 by providing a corrective response pathway while the lower step size limits the instability seen with momentum at learning rate 0.001. This tests whether residual capacity helps under lighter regularization without the strong-decay degradation observed for the residual momentum configuration.
long24	tahoe_drug_corrected	luna	61	loop	15	L0W0M1R0	not retained	0.31666666666666665	0.35	"{""lr"": {""initial"": 0.001, ""proposed"": 0.0001}, ""server_momentum"": {""initial"": 0.0, ""proposed"": 0.9}, ""weight_decay"": {""initial"": 0.001, ""proposed"": 0.0}}"	Removing weight decay from the successful low-learning-rate, momentum-enabled non-residual configuration will improve intervention-macro Top1 if the 0.01 decay is slightly underfitting the response head. The low learning rate should preserve the stability observed with momentum, isolating whether strong regularization limits discriminative adaptation.
long24	tahoe_drug_corrected	luna	61	loop	16	L0W1M1R0	not retained	0.3	0.35	"{""lr"": {""initial"": 0.001, ""proposed"": 0.0001}, ""server_momentum"": {""initial"": 0.0, ""proposed"": 0.9}}"	Using learning rate 0.0001, weight decay 0.001, server momentum 0.9, and no residual adapter will improve intervention-macro Top1 by retaining the stable low-rate momentum optimization while reducing the strong regularization that may limit response-head adaptation. The intermediate decay should preserve development-loss stability better than no decay and avoid the residual adapter's observed degradation.
long24	tahoe_drug_corrected	luna	61	loop	17	L0W0M0R0	not retained	0.2833333333333333	0.35	"{""lr"": {""initial"": 0.001, ""proposed"": 0.0001}, ""weight_decay"": {""initial"": 0.001, ""proposed"": 0.0}}"	Removing weight decay while lowering the learning rate to 0.0001, with no server momentum or residual adapter, will improve development stability and possibly Top1 by allowing the response head to adapt without the regularization that may limit discriminative signal. The low rate should avoid the optimization instability seen at 0.01, while the non-residual architecture avoids unsupported adapter capacity.
long24	tahoe_drug_corrected	luna	61	loop	18	L1W0M1R1	not retained	0.31666666666666665	0.35	"{""residual"": {""initial"": false, ""proposed"": true}, ""server_momentum"": {""initial"": 0.0, ""proposed"": 0.9}, ""weight_decay"": {""initial"": 0.001, ""proposed"": 0.0}}"	Removing weight decay from the reference while retaining learning rate 0.001, server momentum 0.9, and the zero-initialized residual adapter will improve intervention-macro Top1 if the reference’s strong regularization is underfitting useful response distinctions. The test is motivated by the strong-decay residual configuration reaching 0.35 Top1 despite late training instability; worsening development loss or Top1 would indicate that weight decay is needed to control momentum-plus-residual overfitting.
long24	tahoe_drug_corrected	luna	61	loop	19	L2W1M0R1	not retained	0.2	0.35	"{""lr"": {""initial"": 0.001, ""proposed"": 0.01}, ""residual"": {""initial"": false, ""proposed"": true}}"	Increasing the learning rate to 0.01 while using moderate weight decay of 0.001, no server momentum, and a zero-initialized residual adapter may improve intervention-macro Top1 by accelerating response-head and adapter adaptation within 100 rounds. The test also probes whether moderate decay can prevent the high-learning-rate instability previously observed without residual capacity; persistent near-chance development performance would refute this.
long24	tahoe_drug_corrected	luna	61	loop	20	L0W1M0R1	not retained	0.26666666666666666	0.35	"{""lr"": {""initial"": 0.001, ""proposed"": 0.0001}, ""residual"": {""initial"": false, ""proposed"": true}}"	Using learning rate 0.0001, weight decay 0.001, no server momentum, and the residual adapter may improve intervention-macro Top1 by combining the stable low-rate optimization regime with moderate regularization and additional corrective capacity; this tests whether residual capacity helps when momentum-related degradation is removed.
long24	tahoe_drug_corrected	luna	61	loop	21	L1W0M0R1	not retained	0.3	0.35	"{""residual"": {""initial"": false, ""proposed"": true}, ""weight_decay"": {""initial"": 0.001, ""proposed"": 0.0}}"	Removing weight decay while retaining the 0.001 learning rate, no server momentum, and the zero-initialized residual adapter will improve intervention-macro Top1 if regularization is limiting useful response-head and adapter updates. This tests whether residual capacity can help without the momentum instability observed in other residual settings; worsening development loss would indicate overfitting.
long24	tahoe_drug_corrected	luna	61	loop	22	L0W0M1R1	not retained	0.2833333333333333	0.35	"{""lr"": {""initial"": 0.001, ""proposed"": 0.0001}, ""residual"": {""initial"": false, ""proposed"": true}, ""server_momentum"": {""initial"": 0.0, ""proposed"": 0.9}, ""weight_decay"": {""initial"": 0.001, ""proposed"": 0.0}}"	Reducing the learning rate to 0.0001 and removing weight decay while retaining server momentum and the residual adapter will improve intervention-macro Top1 by allowing slower, less-constrained adaptation of the head and adapter. This tests whether strong decay limits useful updates in the reference, while the low rate controls the momentum instability observed at 0.001.
long24	tahoe_drug_corrected	luna	61	loop	23	L0W0M0R1	not retained	0.26666666666666666	0.35	"{""lr"": {""initial"": 0.001, ""proposed"": 0.0001}, ""residual"": {""initial"": false, ""proposed"": true}, ""weight_decay"": {""initial"": 0.001, ""proposed"": 0.0}}"	Lowering the learning rate to 0.0001, removing weight decay and server momentum, and retaining the residual adapter may improve intervention-macro Top1 by enabling gradual head-and-adapter adaptation without momentum-driven development degradation. This tests whether the low-rate stability seen in non-residual runs persists when residual capacity is retained, although prior residual evidence makes limited or negative benefit plausible.
long24	tahoe_drug_corrected	luna	61	loop	24	L1W0M0R0	not retained	0.3	0.35	"{""weight_decay"": {""initial"": 0.001, ""proposed"": 0.0}}"	Removing weight decay, server momentum, and the residual adapter while retaining the reference learning rate will improve intervention-macro Top1 by avoiding momentum-related development instability and unnecessary residual capacity, while lighter regularization may preserve useful response-head discrimination. Prior non-residual no-momentum runs were stable, whereas momentum and residual configurations often worsened development loss.
long24	tahoe_drug_corrected	qwen	61	direct	1	L1W0M0R1	retained	0.3	0.3	"{""residual"": {""initial"": false, ""proposed"": true}, ""weight_decay"": {""initial"": 0.001, ""proposed"": 0.0}}"	Introducing a residual connection (adding a 32-wide adapter) will improve the model's ability to capture complex patterns in the data without causing overfitting, especially when combined with higher learning rates or weight decay values.
long24	tahoe_drug_corrected	qwen	61	direct	2	L1W1M0R1	not retained	0.3	0.3	"{""residual"": {""initial"": false, ""proposed"": true}}"	Introducing a residual adapter (with or without server momentum) will improve the model's ability to generalize and stabilize the training process compared to the baseline configuration.
long24	tahoe_drug_corrected	qwen	61	direct	3		invalid		0.3	{}	
long24	tahoe_drug_corrected	qwen	61	direct	4		invalid		0.3	{}	
long24	tahoe_drug_corrected	qwen	61	direct	5	L0W0M0R1	not retained	0.26666666666666666	0.3	"{""lr"": {""initial"": 0.001, ""proposed"": 0.0001}, ""residual"": {""initial"": false, ""proposed"": true}, ""weight_decay"": {""initial"": 0.001, ""proposed"": 0.0}}"	Introducing a residual adapter (residual=true) will improve the top-1 accuracy of the intervention-macro classification task without increasing the learning rate or weight decay.
long24	tahoe_drug_corrected	qwen	61	direct	6		invalid		0.3	{}	
long24	tahoe_drug_corrected	qwen	61	direct	7		invalid		0.3	{}	
long24	tahoe_drug_corrected	qwen	61	direct	8	L1W1M1R1	not retained	0.2833333333333333	0.3	"{""residual"": {""initial"": false, ""proposed"": true}, ""server_momentum"": {""initial"": 0.0, ""proposed"": 0.9}}"	Adding a residual adapter (residual: true) will improve the primary intervention-macro Top1 performance by providing additional representational capacity, which could help in capturing complex relationships between drugs and expression responses.
long24	tahoe_drug_corrected	qwen	61	direct	9	L0W0M1R0	retained	0.31666666666666665	0.31666666666666665	"{""lr"": {""initial"": 0.001, ""proposed"": 0.0001}, ""server_momentum"": {""initial"": 0.0, ""proposed"": 0.9}, ""weight_decay"": {""initial"": 0.001, ""proposed"": 0.0}}"	Introducing a server momentum of 0.9 (design L0W0M1R0) will improve the stability of the model without significantly affecting its primary development metric compared to the baseline (design L0W0M0R0).
long24	tahoe_drug_corrected	qwen	61	direct	10	L0W0M1R1	not retained	0.2833333333333333	0.31666666666666665	"{""lr"": {""initial"": 0.001, ""proposed"": 0.0001}, ""residual"": {""initial"": false, ""proposed"": true}, ""server_momentum"": {""initial"": 0.0, ""proposed"": 0.9}, ""weight_decay"": {""initial"": 0.001, ""proposed"": 0.0}}"	Using server momentum with a residual connection will improve the stability and convergence of the model without significantly affecting the primary development metric.
long24	tahoe_drug_corrected	qwen	61	direct	11		invalid		0.31666666666666665	{}	
long24	tahoe_drug_corrected	qwen	61	direct	12	L0W1M0R1	not retained	0.26666666666666666	0.31666666666666665	"{""lr"": {""initial"": 0.001, ""proposed"": 0.0001}, ""residual"": {""initial"": false, ""proposed"": true}}"	Increasing the weight decay (wider residual adapter) will improve the stability of the model without significantly affecting its performance on the primary development metric.
long24	tahoe_drug_corrected	qwen	61	direct	13	L1W2M1R0	not retained	0.3	0.31666666666666665	"{""server_momentum"": {""initial"": 0.0, ""proposed"": 0.9}, ""weight_decay"": {""initial"": 0.001, ""proposed"": 0.01}}"	Increasing weight decay from 0.001 to 0.01 while keeping other hyperparameters constant will reduce overfitting on the drug perturbation task by penalizing large weights more heavily, leading to better generalization.
long24	tahoe_drug_corrected	qwen	61	direct	14		invalid		0.31666666666666665	{}	
long24	tahoe_drug_corrected	qwen	61	direct	15	L2W1M1R1	not retained	0.2833333333333333	0.31666666666666665	"{""lr"": {""initial"": 0.001, ""proposed"": 0.01}, ""residual"": {""initial"": false, ""proposed"": true}, ""server_momentum"": {""initial"": 0.0, ""proposed"": 0.9}}"	Increasing the weight decay and adding a residual connection will improve the stability of the model without significantly affecting its performance on the primary task.
long24	tahoe_drug_corrected	qwen	61	direct	16	L0W1M1R1	not retained	0.26666666666666666	0.31666666666666665	"{""lr"": {""initial"": 0.001, ""proposed"": 0.0001}, ""residual"": {""initial"": false, ""proposed"": true}, ""server_momentum"": {""initial"": 0.0, ""proposed"": 0.9}}"	Introducing a residual adapter (L0W1M1R1 vs L0W1M1R0) will improve the Top1 accuracy on the primary development metric by leveraging additional capacity while maintaining generalization.
long24	tahoe_drug_corrected	qwen	61	direct	17	L2W2M1R1	not retained	0.24999999999999994	0.31666666666666665	"{""lr"": {""initial"": 0.001, ""proposed"": 0.01}, ""residual"": {""initial"": false, ""proposed"": true}, ""server_momentum"": {""initial"": 0.0, ""proposed"": 0.9}, ""weight_decay"": {""initial"": 0.001, ""proposed"": 0.01}}"	Introducing a residual connection with a 32-wide adapter layer (L2W2M1R1) will improve the top-1 accuracy of the model in identifying drug perturbations compared to the baseline configuration without a residual connection (L2W2M0R0). The additional capacity provided by the adapter should help the model capture more complex patterns in the data.
long24	tahoe_drug_corrected	qwen	61	direct	18	L1W2M1R1	retained	0.35	0.35	"{""residual"": {""initial"": false, ""proposed"": true}, ""server_momentum"": {""initial"": 0.0, ""proposed"": 0.9}, ""weight_decay"": {""initial"": 0.001, ""proposed"": 0.01}}"	Introducing a residual adapter with a wider width (32 units) and training both the base and the head will improve the model's ability to capture complex patterns in the data, leading to better performance on the top1 macro intervention identification task.
long24	tahoe_drug_corrected	qwen	61	direct	19		invalid		0.35	{}	
long24	tahoe_drug_corrected	qwen	61	direct	20		invalid		0.35	{}	
long24	tahoe_drug_corrected	qwen	61	direct	21	L1W2M0R1	not retained	0.3	0.35	"{""residual"": {""initial"": false, ""proposed"": true}, ""weight_decay"": {""initial"": 0.001, ""proposed"": 0.01}}"	Introducing a residual connection with a 32-wide adapter layer (residual=true) will improve the primary intervention-macro Top1 performance on the drug perturbation task by providing an additional pathway for gradient flow during training, thus potentially mitigating issues of vanishing gradients and enhancing model expressiveness.
long24	tahoe_drug_corrected	qwen	61	direct	22	L1W0M1R1	not retained	0.31666666666666665	0.35	"{""residual"": {""initial"": false, ""proposed"": true}, ""server_momentum"": {""initial"": 0.0, ""proposed"": 0.9}, ""weight_decay"": {""initial"": 0.001, ""proposed"": 0.0}}"	Introducing a residual adapter (residual: true) will improve the model's ability to capture complex patterns in the data, leading to better performance on the primary intervention-macro Top1 metric without overfitting.
long24	tahoe_drug_corrected	qwen	61	direct	23		invalid		0.35	{}	
long24	tahoe_drug_corrected	qwen	61	direct	24		invalid		0.35	{}	
long24	tahoe_drug_corrected	qwen	61	loop	1	L1W0M0R1	retained	0.3	0.3	"{""residual"": {""initial"": false, ""proposed"": true}, ""weight_decay"": {""initial"": 0.001, ""proposed"": 0.0}}"	Introducing a residual connection (adding a 32-wide adapter) will improve the model's ability to capture complex patterns in the data without causing overfitting, especially when combined with higher learning rates or weight decay values.
long24	tahoe_drug_corrected	qwen	61	loop	2		invalid		0.3	{}	
long24	tahoe_drug_corrected	qwen	61	loop	3		invalid		0.3	{}	
long24	tahoe_drug_corrected	qwen	61	loop	4		invalid		0.3	{}	
long24	tahoe_drug_corrected	qwen	61	loop	5	L1W1M1R1	not retained	0.2833333333333333	0.3	"{""residual"": {""initial"": false, ""proposed"": true}, ""server_momentum"": {""initial"": 0.0, ""proposed"": 0.9}}"	Introducing a residual connection (adding a 32-wide adapter) will improve the model's ability to capture complex patterns in the data without causing overfitting, especially when combined with higher learning rates or weight decay values.
long24	tahoe_drug_corrected	qwen	61	loop	6		invalid		0.3	{}	
long24	tahoe_drug_corrected	qwen	61	loop	7	L1W1M0R1	not retained	0.3	0.3	"{""residual"": {""initial"": false, ""proposed"": true}}"	Introducing a residual connection (adding a 32-wide adapter) will improve the model's ability to capture complex patterns in the data without causing overfitting, especially when combined with higher learning rates or weight decay values.
long24	tahoe_drug_corrected	qwen	61	loop	8	L1W0M1R1	retained	0.31666666666666665	0.31666666666666665	"{""residual"": {""initial"": false, ""proposed"": true}, ""server_momentum"": {""initial"": 0.0, ""proposed"": 0.9}, ""weight_decay"": {""initial"": 0.001, ""proposed"": 0.0}}"	Introducing a residual connection (adding a 32-wide adapter) will improve the model's ability to capture complex patterns in the data without causing overfitting, especially when combined with higher learning rates or weight decay values.
long24	tahoe_drug_corrected	qwen	61	loop	9	L0W0M1R1	not retained	0.2833333333333333	0.31666666666666665	"{""lr"": {""initial"": 0.001, ""proposed"": 0.0001}, ""residual"": {""initial"": false, ""proposed"": true}, ""server_momentum"": {""initial"": 0.0, ""proposed"": 0.9}, ""weight_decay"": {""initial"": 0.001, ""proposed"": 0.0}}"	Introducing a residual connection (adding a 32-wide adapter) will improve the model's ability to capture complex patterns in the data without causing overfitting, especially when combined with higher learning rates or weight decay values.
long24	tahoe_drug_corrected	qwen	61	loop	10	L0W0M0R1	not retained	0.26666666666666666	0.31666666666666665	"{""lr"": {""initial"": 0.001, ""proposed"": 0.0001}, ""residual"": {""initial"": false, ""proposed"": true}, ""weight_decay"": {""initial"": 0.001, ""proposed"": 0.0}}"	Introducing a residual connection (adding a 32-wide adapter) will improve the model's ability to capture complex patterns in the data without causing overfitting, especially when combined with higher learning rates or weight decay values.
long24	tahoe_drug_corrected	qwen	61	loop	11		invalid		0.31666666666666665	{}	
long24	tahoe_drug_corrected	qwen	61	loop	12		invalid		0.31666666666666665	{}	
long24	tahoe_drug_corrected	qwen	61	loop	13		invalid		0.31666666666666665	{}	
long24	tahoe_drug_corrected	qwen	61	loop	14	L1W2M1R1	retained	0.35	0.35	"{""residual"": {""initial"": false, ""proposed"": true}, ""server_momentum"": {""initial"": 0.0, ""proposed"": 0.9}, ""weight_decay"": {""initial"": 0.001, ""proposed"": 0.01}}"	Introducing a residual connection (adding a 32-wide adapter) will improve the model's ability to capture complex patterns in the data without causing overfitting, especially when combined with higher learning rates or weight decay values.
long24	tahoe_drug_corrected	qwen	61	loop	15	L2W2M1R0	not retained	0.26666666666666666	0.35	"{""lr"": {""initial"": 0.001, ""proposed"": 0.01}, ""server_momentum"": {""initial"": 0.0, ""proposed"": 0.9}, ""weight_decay"": {""initial"": 0.001, ""proposed"": 0.01}}"	Introducing a residual connection (adding a 32-wide adapter) will improve the model's ability to capture complex patterns in the data without causing overfitting, especially when combined with higher learning rates or weight decay values.
long24	tahoe_drug_corrected	qwen	61	loop	16	L0W1M1R1	not retained	0.26666666666666666	0.35	"{""lr"": {""initial"": 0.001, ""proposed"": 0.0001}, ""residual"": {""initial"": false, ""proposed"": true}, ""server_momentum"": {""initial"": 0.0, ""proposed"": 0.9}}"	Introducing a residual connection (adding a 32-wide adapter) will improve the model's ability to capture complex patterns in the data without causing overfitting, especially when combined with higher learning rates or weight decay values.
long24	tahoe_drug_corrected	qwen	61	loop	17		invalid		0.35	{}	
long24	tahoe_drug_corrected	qwen	61	loop	18	L0W1M0R1	not retained	0.26666666666666666	0.35	"{""lr"": {""initial"": 0.001, ""proposed"": 0.0001}, ""residual"": {""initial"": false, ""proposed"": true}}"	Introducing a residual connection (adding a 32-wide adapter) will improve the model's ability to capture complex patterns in the data without causing overfitting, especially when combined with higher learning rates or weight decay values.
long24	tahoe_drug_corrected	qwen	61	loop	19	L0W1M1R0	not retained	0.3	0.35	"{""lr"": {""initial"": 0.001, ""proposed"": 0.0001}, ""server_momentum"": {""initial"": 0.0, ""proposed"": 0.9}}"	Introducing a residual connection (adding a 32-wide adapter) will improve the model's ability to capture complex patterns in the data without causing overfitting, especially when combined with higher learning rates or weight decay values.
long24	tahoe_drug_corrected	qwen	61	loop	20		invalid		0.35	{}	
long24	tahoe_drug_corrected	qwen	61	loop	21	L1W2M0R1	not retained	0.3	0.35	"{""residual"": {""initial"": false, ""proposed"": true}, ""weight_decay"": {""initial"": 0.001, ""proposed"": 0.01}}"	Introducing a residual connection (adding a 32-wide adapter) will improve the model's ability to capture complex patterns in the data without causing overfitting, especially when combined with higher learning rates or weight decay values.
long24	tahoe_drug_corrected	qwen	61	loop	22	L2W1M1R1	not retained	0.2833333333333333	0.35	"{""lr"": {""initial"": 0.001, ""proposed"": 0.01}, ""residual"": {""initial"": false, ""proposed"": true}, ""server_momentum"": {""initial"": 0.0, ""proposed"": 0.9}}"	Introducing a residual connection (adding a 32-wide adapter) will improve the model's ability to capture complex patterns in the data without causing overfitting, especially when combined with higher learning rates or weight decay values.
long24	tahoe_drug_corrected	qwen	61	loop	23	L2W2M1R1	not retained	0.24999999999999994	0.35	"{""lr"": {""initial"": 0.001, ""proposed"": 0.01}, ""residual"": {""initial"": false, ""proposed"": true}, ""server_momentum"": {""initial"": 0.0, ""proposed"": 0.9}, ""weight_decay"": {""initial"": 0.001, ""proposed"": 0.01}}"	Introducing a residual connection (adding a 32-wide adapter) will improve the model's ability to capture complex patterns in the data without causing overfitting, especially when combined with higher learning rates or weight decay values.
long24	tahoe_drug_corrected	qwen	61	loop	24	L0W2M0R1	not retained	0.26666666666666666	0.35	"{""lr"": {""initial"": 0.001, ""proposed"": 0.0001}, ""residual"": {""initial"": false, ""proposed"": true}, ""weight_decay"": {""initial"": 0.001, ""proposed"": 0.01}}"	Introducing a residual connection (adding a 32-wide adapter) will improve the model's ability to capture complex patterns in the data without causing overfitting, especially when combined with higher learning rates or weight decay values.
short6	native_tapb	luna	42	direct	1	D06	not retained	0.9436583235470076	0.9470754861749521	"{""residual"": {""initial"": false, ""proposed"": true}}"	Adding the zero-output-initialized 32-wide residual adapter while retaining and training the original classifier will improve equal-client AUROC by enabling client-specific nonlinear correction without disrupting the baseline function at initialization.
short6	native_tapb	luna	42	direct	2	D05	not retained	0.8804821284274631	0.9470754861749521	"{""server_momentum"": {""initial"": 0.0, ""proposed"": 0.9}}"	Adding server momentum while keeping the reference learning rate, weight decay, and model capacity unchanged will improve federated optimization by smoothing round-to-round client-update noise, potentially improving equal-client AUROC without changing the underlying predictor.
short6	native_tapb	luna	42	direct	3	D04	not retained	0.9435033126583976	0.9470754861749521	"{""weight_decay"": {""initial"": 0.001, ""proposed"": 0.01}}"	Increasing weight decay from 0.001 to 0.01 while keeping the learning rate and architecture unchanged will improve cross-client generalization by suppressing client-specific parameter drift and overfitting, without introducing optimization instability.
short6	native_tapb	luna	42	direct	4	D07	not retained	0.8819314070199237	0.9470754861749521	"{""residual"": {""initial"": false, ""proposed"": true}, ""server_momentum"": {""initial"": 0.0, ""proposed"": 0.9}}"	Adding a zero-initialized 32-wide residual adapter while training the base classifier, together with server momentum 0.9, will improve equal-client AUROC by increasing client-specific correction capacity and smoothing federated update noise without disrupting the initial predictor.
short6	native_tapb	luna	42	direct	5	D03	not retained	0.9306886854135987	0.9470754861749521	"{""weight_decay"": {""initial"": 0.001, ""proposed"": 0.0}}"	Reducing weight decay from 0.001 to 0 while keeping the reference learning rate and architecture will improve equal-client AUROC by avoiding unnecessary shrinkage of randomly initialized TAPB components; this tests whether regularization is causing underfitting.
short6	native_tapb	luna	42	direct	6	D11	retained	0.9497312538019983	0.9497312538019983	"{""residual"": {""initial"": false, ""proposed"": true}, ""weight_decay"": {""initial"": 0.001, ""proposed"": 0.01}}"	D11 will improve equal-client AUROC by combining a zero-initialized 32-wide residual adapter with stronger weight decay, allowing client-specific corrections while limiting overfitting during federated training.
short6	native_tapb	luna	42	loop	1	D06	not retained	0.9436583235470076	0.9470754861749521	"{""residual"": {""initial"": false, ""proposed"": true}}"	Adding the zero-output-initialized 32-wide residual adapter while retaining and training the original classifier will improve equal-client AUROC by enabling client-specific nonlinear correction without disrupting the baseline function at initialization.
short6	native_tapb	luna	42	loop	2	D08	not retained	0.9453372035887705	0.9470754861749521	"{""lr"": {""initial"": 0.001, ""proposed"": 0.0001}, ""residual"": {""initial"": false, ""proposed"": true}}"	Reducing the learning rate to 0.0001 while retaining the zero-output-initialized 32-wide residual adapter will improve equal-client AUROC by allowing the adapter and trained base classifier to make smaller, more stable nonlinear corrections; the poorer residual result at learning rate 0.001 and its best round before round 100 suggest excessive late-round adaptation rather than insufficient capacity.
short6	native_tapb	luna	42	loop	3	D05	not retained	0.8804821284274631	0.9470754861749521	"{""server_momentum"": {""initial"": 0.0, ""proposed"": 0.9}}"	Adding server momentum 0.9 while keeping the reference learning rate and weight decay will improve equal-client AUROC by smoothing client-update aggregation and accelerating consistent global progress without changing model capacity; the reference shows continued development improvement through round 100, while residual variants reduce performance, so optimization rather than added capacity is the safer mechanism to test.
short6	native_tapb	luna	42	loop	4	D04	not retained	0.9435033126583976	0.9470754861749521	"{""weight_decay"": {""initial"": 0.001, ""proposed"": 0.01}}"	Increasing weight decay from 0.001 to 0.01 while keeping the reference learning rate and no residual adapter will improve equal-client AUROC by reducing client-specific overfitting and stabilizing the shared classifier; the residual variant lowered late-round development performance despite lower training loss, indicating capacity-related overfitting rather than underfitting.
short6	native_tapb	luna	42	loop	5	D03	not retained	0.9306886854135987	0.9470754861749521	"{""weight_decay"": {""initial"": 0.001, ""proposed"": 0.0}}"	Removing weight decay from the reference (lr 0.001, no momentum, no residual) will improve equal-client AUROC by reducing underfitting of the randomly initialized trainable TAPB components; the reference continues improving through round 100, while stronger weight decay slightly lowers AUROC, suggesting additional regularization is not beneficial.
short6	native_tapb	luna	42	loop	6	D01	not retained	0.944857404083157	0.9470754861749521	"{""lr"": {""initial"": 0.001, ""proposed"": 0.0001}}"	Reducing the learning rate from 0.001 to 0.0001 while keeping weight decay, aggregation, and model capacity unchanged will reduce optimization noise and preserve stable client improvements, potentially improving equal-client AUROC if the reference’s late-round gains are sensitive to update magnitude; the test will distinguish smoother convergence from underfitting by comparing round-100 AUROC and trajectory gains.
short6	native_tapb	qwen	42	direct	1	D06	not retained	0.9436583235470076	0.9470754861749521	"{""residual"": {""initial"": false, ""proposed"": true}}"	Introducing a zero-output 32-wide MLP to the per-confounder classifier (residual setting) will improve the equal-client AUROC on the DTI binary classification task compared to the baseline without this modification.
short6	native_tapb	qwen	42	direct	2	D07	not retained	0.8819314070199237	0.9470754861749521	"{""residual"": {""initial"": false, ""proposed"": true}, ""server_momentum"": {""initial"": 0.0, ""proposed"": 0.9}}"	Introducing a zero-output 32-wide MLP (residual) to the per-confounder classifier will improve the primary equal-client AUROC metric by providing additional feature representation for confounders, which can help in better disentangling confounding factors and improving model performance.
short6	native_tapb	qwen	42	direct	3	D08	not retained	0.9453372035887705	0.9470754861749521	"{""lr"": {""initial"": 0.001, ""proposed"": 0.0001}, ""residual"": {""initial"": false, ""proposed"": true}}"	Introducing a residual connection with a zero-output 32-wide MLP to the classifier will improve the convergence speed and final performance of the DTI binary classification model compared to the baseline configuration without such a residual connection.
short6	native_tapb	qwen	42	direct	4	D09	not retained	0.892957958392446	0.9470754861749521	"{""lr"": {""initial"": 0.001, ""proposed"": 0.0001}, ""residual"": {""initial"": false, ""proposed"": true}, ""server_momentum"": {""initial"": 0.0, ""proposed"": 0.9}}"	Introducing a zero-output 32-wide MLP to the per-confounder classifier will improve the equal-client AUROC by leveraging additional signal for confounder alignment without increasing the risk of overfitting.
short6	native_tapb	qwen	42	direct	5	D04	not retained	0.9435033126583976	0.9470754861749521	"{""weight_decay"": {""initial"": 0.001, ""proposed"": 0.01}}"	Increasing weight decay to 0.01 will improve generalization and reduce overfitting, leading to a higher equal-client AUROC.
short6	native_tapb	qwen	42	direct	6	D05	not retained	0.8804821284274631	0.9470754861749521	"{""server_momentum"": {""initial"": 0.0, ""proposed"": 0.9}}"	Introducing a residual connection with a zero-output 32-wide MLP to the classifier will improve the generalization of the model by allowing it to learn more complex mappings between drug and target interactions without overfitting.
short6	native_tapb	qwen	42	loop	1	D06	not retained	0.9436583235470076	0.9470754861749521	"{""residual"": {""initial"": false, ""proposed"": true}}"	Introducing a zero-output 32-wide MLP to the per-confounder classifier (residual setting) will improve the equal-client AUROC on the DTI binary classification task compared to the baseline without this modification.
short6	native_tapb	qwen	42	loop	2	D07	not retained	0.8819314070199237	0.9470754861749521	"{""residual"": {""initial"": false, ""proposed"": true}, ""server_momentum"": {""initial"": 0.0, ""proposed"": 0.9}}"	Introducing a zero-output 32-wide MLP to the per-confounder classifier (residual setting) will improve the equal-client AUROC on the DTI binary classification task compared to the baseline without this modification.
short6	native_tapb	qwen	42	loop	3	D08	not retained	0.9453372035887705	0.9470754861749521	"{""lr"": {""initial"": 0.001, ""proposed"": 0.0001}, ""residual"": {""initial"": false, ""proposed"": true}}"	Introducing a zero-output 32-wide MLP to the per-confounder classifier (residual setting) will improve the equal-client AUROC on the DTI binary classification task compared to the baseline without this modification.
short6	native_tapb	qwen	42	loop	4	D09	not retained	0.892957958392446	0.9470754861749521	"{""lr"": {""initial"": 0.001, ""proposed"": 0.0001}, ""residual"": {""initial"": false, ""proposed"": true}, ""server_momentum"": {""initial"": 0.0, ""proposed"": 0.9}}"	Introducing a zero-output 32-wide MLP to the per-confounder classifier (residual setting) will improve the equal-client AUROC on the DTI binary classification task compared to the baseline without this modification.
short6	native_tapb	qwen	42	loop	5	D04	not retained	0.9435033126583976	0.9470754861749521	"{""weight_decay"": {""initial"": 0.001, ""proposed"": 0.01}}"	Introducing a zero-output 32-wide MLP to the per-confounder classifier (residual setting) will improve the equal-client AUROC on the DTI binary classification task compared to the baseline without this modification.
short6	native_tapb	qwen	42	loop	6	D05	not retained	0.8804821284274631	0.9470754861749521	"{""server_momentum"": {""initial"": 0.0, ""proposed"": 0.9}}"	Introducing a zero-output 32-wide MLP to the per-confounder classifier (residual setting) will improve the equal-client AUROC on the DTI binary classification task compared to the baseline without this modification.
short6	ptpc_neural	luna	61	direct	1	D06	not retained	0.6592857142857141	0.6672222222222223	"{""residual"": {""initial"": false, ""proposed"": true}}"	Adding a zero-output-initialized 32-wide residual adapter while retaining the trainable efficacy head will improve client-average precision by modeling nonlinear proteome–compound interactions that the base head misses, without changing its initial function.
short6	ptpc_neural	luna	61	direct	2	D05	not retained	0.6074603174603175	0.6672222222222223	"{""server_momentum"": {""initial"": 0.0, ""proposed"": 0.9}}"	Adding server momentum while keeping the reference learning rate, weight decay, optimizer, and architecture unchanged will accelerate consistent federated updates and improve primary average precision without materially increasing instability.
short6	ptpc_neural	luna	61	direct	3	D03	not retained	0.6672222222222223	0.6672222222222223	"{""weight_decay"": {""initial"": 0.001, ""proposed"": 0.0}}"	Removing weight decay while keeping the reference learning rate will improve efficacy-head fitting because the small randomly initialized model may be under-regularized by parameter shrinkage, allowing protein and compound features to retain predictive signal.
short6	ptpc_neural	luna	61	direct	4	D07	not retained	0.5800000000000001	0.6672222222222223	"{""residual"": {""initial"": false, ""proposed"": true}, ""server_momentum"": {""initial"": 0.0, ""proposed"": 0.9}}"	D07 will improve client-averaged precision over the reference by adding a zero-initialized 32-wide residual adapter and server momentum; the adapter can capture nonlinear proteome–compound interactions while momentum stabilizes and accumulates heterogeneous client updates.
short6	ptpc_neural	luna	61	direct	5	D04	not retained	0.6672222222222223	0.6672222222222223	"{""weight_decay"": {""initial"": 0.001, ""proposed"": 0.01}}"	Increasing weight decay from 0.001 to 0.01 while keeping the reference learning rate should reduce client-specific parameter overfitting and improve federated generalization by constraining the efficacy head toward simpler shared representations.
short6	ptpc_neural	luna	61	direct	6	D11	not retained	0.6592857142857141	0.6672222222222223	"{""residual"": {""initial"": false, ""proposed"": true}, ""weight_decay"": {""initial"": 0.001, ""proposed"": 0.01}}"	Adding a zero-initialized 32-wide residual adapter while increasing weight decay to 0.01 will improve generalization by providing extra nonlinear capacity without disrupting the reference function initially, while stronger regularization limits overfitting across heterogeneous clients.
short6	ptpc_neural	luna	61	loop	1	D06	not retained	0.6592857142857141	0.6672222222222223	"{""residual"": {""initial"": false, ""proposed"": true}}"	Adding a zero-output-initialized 32-wide residual adapter while retaining the trainable efficacy head will improve client-average precision by modeling nonlinear proteome–compound interactions that the base head misses, without changing its initial function.
short6	ptpc_neural	luna	61	loop	2	D08	not retained	0.5602777777777778	0.6672222222222223	"{""lr"": {""initial"": 0.001, ""proposed"": 0.0001}, ""residual"": {""initial"": false, ""proposed"": true}}"	Reducing the learning rate to 0.0001 while retaining the zero-output 32-wide residual adapter will improve client-average precision by allowing the adapter and trainable base head to fit nonlinear proteome–compound interactions more gradually, reducing the late-round overfitting seen with the residual at learning rate 0.001.
short6	ptpc_neural	luna	61	loop	3	D05	not retained	0.6074603174603175	0.6672222222222223	"{""server_momentum"": {""initial"": 0.0, ""proposed"": 0.9}}"	Adding server momentum 0.9 to the reference configuration will improve client-average precision by smoothing heterogeneous client updates and preserving useful global directions across rounds, reducing the late-round primary-metric decline observed with the reference.
short6	ptpc_neural	luna	61	loop	4	D04	not retained	0.6672222222222223	0.6672222222222223	"{""weight_decay"": {""initial"": 0.001, ""proposed"": 0.01}}"	Increasing weight decay from 0.001 to 0.01 while keeping the reference learning rate and non-residual architecture will improve client-average precision by reducing late-round overfitting and preserving generalizable proteome–compound relationships. This targets the reference trajectory, where training loss continued falling but development precision declined after its round-45 best.
short6	ptpc_neural	luna	61	loop	5	D11	not retained	0.6592857142857141	0.6672222222222223	"{""residual"": {""initial"": false, ""proposed"": true}, ""weight_decay"": {""initial"": 0.001, ""proposed"": 0.01}}"	Increasing weight decay to 0.01 while adding a zero-output-initialized 32-wide residual adapter will improve client-average precision by allowing nonlinear proteome–compound interactions while constraining adapter and base-head overfitting that caused late-round development decline.
short6	ptpc_neural	luna	61	loop	6	D03	not retained	0.6672222222222223	0.6672222222222223	"{""weight_decay"": {""initial"": 0.001, ""proposed"": 0.0}}"	Removing weight decay while retaining the reference learning rate will reduce underfitting of the efficacy head and improve client-average precision by allowing proteome–compound interaction weights to adapt more fully; this tests whether the reference regularization is overly restrictive rather than whether late-round overfitting is the dominant limitation.
short6	ptpc_neural	qwen	61	direct	1	D06	not retained	0.6592857142857141	0.6672222222222223	"{""residual"": {""initial"": false, ""proposed"": true}}"	Introducing a zero-output initialized 32-wide adapter in the residual configuration will improve the precision of the model by mitigating overfitting and stabilizing training dynamics.
short6	ptpc_neural	qwen	61	direct	2	D07	not retained	0.5800000000000001	0.6672222222222223	"{""residual"": {""initial"": false, ""proposed"": true}, ""server_momentum"": {""initial"": 0.0, ""proposed"": 0.9}}"	Introducing a residual connection with a zero-output 32-wide MLP will improve the convergence speed and generalization performance of the model without significantly affecting its precision, as it provides an alternative pathway for gradient flow and can help mitigate vanishing gradients.
short6	ptpc_neural	qwen	61	direct	3	D08	not retained	0.5602777777777778	0.6672222222222223	"{""lr"": {""initial"": 0.001, ""proposed"": 0.0001}, ""residual"": {""initial"": false, ""proposed"": true}}"	Introducing a residual connection with a zero-output 32-wide MLP will improve the generalization of the model by allowing it to learn more complex mappings without increasing the risk of overfitting.
short6	ptpc_neural	qwen	61	direct	4	D09	not retained	0.6542857142857142	0.6672222222222223	"{""lr"": {""initial"": 0.001, ""proposed"": 0.0001}, ""residual"": {""initial"": false, ""proposed"": true}, ""server_momentum"": {""initial"": 0.0, ""proposed"": 0.9}}"	Introducing a residual connection with a zero-output 32-wide MLP will improve the precision of the binary efficacy prediction by providing the model with an additional pathway that can learn more complex representations, potentially leading to better generalization and reduced underfitting.
short6	ptpc_neural	qwen	61	direct	5	D04	not retained	0.6672222222222223	0.6672222222222223	"{""weight_decay"": {""initial"": 0.001, ""proposed"": 0.01}}"	Increasing weight decay will stabilize the training process and potentially improve generalization, while adding a residual connection will help mitigate vanishing gradients by providing an alternative path for gradient flow.
short6	ptpc_neural	qwen	61	direct	6	D05	not retained	0.6074603174603175	0.6672222222222223	"{""server_momentum"": {""initial"": 0.0, ""proposed"": 0.9}}"	Introducing a residual connection with a zero-output initialized 32-wide MLP will improve the stability and generalization of the model without significantly affecting the learning rate or weight decay settings.
short6	ptpc_neural	qwen	61	loop	1	D06	not retained	0.6592857142857141	0.6672222222222223	"{""residual"": {""initial"": false, ""proposed"": true}}"	Introducing a zero-output initialized 32-wide adapter in the residual configuration will improve the precision of the model by mitigating overfitting and stabilizing training dynamics.
short6	ptpc_neural	qwen	61	loop	2	D10	not retained	0.6542857142857142	0.6672222222222223	"{""lr"": {""initial"": 0.001, ""proposed"": 0.01}, ""weight_decay"": {""initial"": 0.001, ""proposed"": 0.01}}"	Increasing the learning rate to 0.01 while keeping other hyperparameters constant will lead to faster convergence but potentially higher variance and less stable training dynamics.
short6	ptpc_neural	qwen	61	loop	3	D07	not retained	0.5800000000000001	0.6672222222222223	"{""residual"": {""initial"": false, ""proposed"": true}, ""server_momentum"": {""initial"": 0.0, ""proposed"": 0.9}}"	Introducing a zero-output initialized 32-wide adapter in the residual configuration will improve the precision of the model by mitigating overfitting and stabilizing training dynamics.
short6	ptpc_neural	qwen	61	loop	4	D08	not retained	0.5602777777777778	0.6672222222222223	"{""lr"": {""initial"": 0.001, ""proposed"": 0.0001}, ""residual"": {""initial"": false, ""proposed"": true}}"	Introducing a zero-output initialized 32-wide adapter in the residual configuration will improve the precision of the model by mitigating overfitting and stabilizing training dynamics.
short6	ptpc_neural	qwen	61	loop	5		invalid		0.6672222222222223	{}	
short6	ptpc_neural	qwen	61	loop	6	D09	not retained	0.6542857142857142	0.6672222222222223	"{""lr"": {""initial"": 0.001, ""proposed"": 0.0001}, ""residual"": {""initial"": false, ""proposed"": true}, ""server_momentum"": {""initial"": 0.0, ""proposed"": 0.9}}"	Introducing a zero-output initialized 32-wide adapter in the residual configuration will improve the precision of the model by mitigating overfitting and stabilizing training dynamics.
short6	vcc_corrected	luna	61	direct	1	D06	not retained	0.23307039710627436	0.23651867296834334	"{""residual"": {""initial"": false, ""proposed"": true}}"	Adding a zero-output-initialized 32-wide residual adapter while training the base response head will improve intervention-macro Top1 by modeling task-specific expression-response corrections without disrupting the frozen scDEBART representation.
short6	vcc_corrected	luna	61	direct	2	D07	not retained	0.22010289479039477	0.23651867296834334	"{""residual"": {""initial"": false, ""proposed"": true}, ""server_momentum"": {""initial"": 0.0, ""proposed"": 0.9}}"	Adding a zero-initialized 32-wide residual adapter while using server momentum will improve intervention-macro Top1 by enabling task-specific corrections without disrupting the frozen scDEBART representation, while momentum reduces noise from heterogeneous client updates.
short6	vcc_corrected	luna	61	direct	3	D03	retained	0.24035009059286444	0.24035009059286444	"{""weight_decay"": {""initial"": 0.001, ""proposed"": 0.0}}"	Removing weight decay while keeping the reference learning rate will improve adaptation of the trainable response head, because the frozen encoder limits overfitting and mild regularization may otherwise bias response estimates toward zero.
short6	vcc_corrected	luna	61	direct	4	D04	not retained	0.23327938352215732	0.24035009059286444	"{""weight_decay"": {""initial"": 0.001, ""proposed"": 0.01}}"	D04 will improve intervention-macro Top1 by increasing weight decay from 0.001 to 0.01 while keeping the reference learning rate and architecture, reducing overfitting to client-specific expression-response patterns and improving generalization across interventions.
short6	vcc_corrected	luna	61	direct	5	D05	not retained	0.23741393464453808	0.24035009059286444	"{""server_momentum"": {""initial"": 0.0, ""proposed"": 0.9}}"	Adding server momentum while keeping the reference learning rate, weight decay, architecture, and proximal setting unchanged will improve federated optimization by smoothing client-update noise and accelerating consistent response-head learning.
short6	vcc_corrected	luna	61	direct	6	D11	not retained	0.23307039710627436	0.24035009059286444	"{""residual"": {""initial"": false, ""proposed"": true}, ""weight_decay"": {""initial"": 0.001, ""proposed"": 0.01}}"	D11 will improve intervention-macro Top1 by adding a zero-initialized 32-wide residual adapter while increasing weight decay from 0.001 to 0.01; the adapter increases task-specific capacity, while stronger regularization limits overfitting.
short6	vcc_corrected	luna	61	loop	1	D06	not retained	0.23307039710627436	0.23651867296834334	"{""residual"": {""initial"": false, ""proposed"": true}}"	Adding a zero-output-initialized 32-wide residual adapter while training the base response head will improve intervention-macro Top1 by modeling task-specific expression-response corrections without disrupting the frozen scDEBART representation.
short6	vcc_corrected	luna	61	loop	2	D04	not retained	0.23327938352215732	0.23651867296834334	"{""weight_decay"": {""initial"": 0.001, ""proposed"": 0.01}}"	Increasing weight decay from 0.001 to 0.01 while keeping lr=0.001, no server momentum, and no residual adapter will improve intervention-macro Top1 by reducing late-round overfitting of the trainable response head; the reference’s falling train loss with only modest development improvement supports testing stronger regularization.
short6	vcc_corrected	luna	61	loop	3	D05	retained	0.23741393464453808	0.23741393464453808	"{""server_momentum"": {""initial"": 0.0, ""proposed"": 0.9}}"	Adding server momentum 0.9 while keeping the reference learning rate, weight decay, and head architecture unchanged will improve intervention-macro Top1 by smoothing noisy client updates and preserving useful global progress across rounds; this tests federated-update instability after residual capacity and stronger regularization showed no benefit.
short6	vcc_corrected	luna	61	loop	4	D09	not retained	0.18876866928147354	0.23741393464453808	"{""lr"": {""initial"": 0.001, ""proposed"": 0.0001}, ""residual"": {""initial"": false, ""proposed"": true}, ""server_momentum"": {""initial"": 0.0, ""proposed"": 0.9}}"	Adding a zero-output-initialized 32-wide residual adapter while retaining server momentum 0.9 will improve intervention-macro Top1 by combining task-specific correction capacity with the update smoothing that produced the strongest observed improvement; the no-momentum residual candidate underperformed, suggesting residual capacity may require stabilized federated aggregation.
short6	vcc_corrected	luna	61	loop	5	D02	not retained	0.2107595924190752	0.23741393464453808	"{""lr"": {""initial"": 0.001, ""proposed"": 0.01}}"	Increasing the learning rate to 0.01 while removing server momentum, with the reference weight decay and head architecture unchanged, will reduce intervention-macro Top1 by causing unstable client updates; this tests whether the reference gain from momentum reflects stabilization that becomes especially important at larger local steps.
short6	vcc_corrected	luna	61	loop	6	D03	retained	0.24035009059286444	0.24035009059286444	"{""weight_decay"": {""initial"": 0.001, ""proposed"": 0.0}}"	Removing weight decay while retaining lr=0.001, no server momentum, and no residual adapter will improve intervention-macro Top1 if the trainable response head is being overly constrained; this isolates weaker regularization after the no-momentum reference-like setting showed continued development gains.
short6	vcc_corrected	qwen	61	direct	1	D06	not retained	0.23307039710627436	0.23651867296834334	"{""residual"": {""initial"": false, ""proposed"": true}}"	Introducing a residual connection in the model (D06, D07, D08, D09) will improve the top-1 accuracy on the intervention-macro task by allowing the model to learn more complex representations without increasing the risk of overfitting.
short6	vcc_corrected	qwen	61	direct	2	D07	not retained	0.22010289479039477	0.23651867296834334	"{""residual"": {""initial"": false, ""proposed"": true}, ""server_momentum"": {""initial"": 0.0, ""proposed"": 0.9}}"	Introducing a residual connection will improve the model's ability to learn complex mappings between gene perturbations and expression responses, potentially leading to better performance in identifying the correct gene perturbation given an expression response.
short6	vcc_corrected	qwen	61	direct	3	D08	not retained	0.19935276697890794	0.23651867296834334	"{""lr"": {""initial"": 0.001, ""proposed"": 0.0001}, ""residual"": {""initial"": false, ""proposed"": true}}"	Introducing a residual connection will improve the model's ability to learn complex patterns in gene expression responses, leading to better performance on the primary intervention-macro Top1 metric.
short6	vcc_corrected	qwen	61	direct	4	D09	not retained	0.18876866928147354	0.23651867296834334	"{""lr"": {""initial"": 0.001, ""proposed"": 0.0001}, ""residual"": {""initial"": false, ""proposed"": true}, ""server_momentum"": {""initial"": 0.0, ""proposed"": 0.9}}"	Introducing a residual connection in the model will improve its ability to capture complex patterns in the data, thereby enhancing the performance on the single-gene perturbation task.
short6	vcc_corrected	qwen	61	direct	5	D04	not retained	0.23327938352215732	0.23651867296834334	"{""weight_decay"": {""initial"": 0.001, ""proposed"": 0.01}}"	Increasing weight decay will stabilize the model training process without significantly impacting the top1 accuracy of the primary intervention-macro task.
short6	vcc_corrected	qwen	61	direct	6	D11	not retained	0.23307039710627436	0.23651867296834334	"{""residual"": {""initial"": false, ""proposed"": true}, ""weight_decay"": {""initial"": 0.001, ""proposed"": 0.01}}"	Introducing a residual adapter will improve the model's ability to capture subtle expression changes, leading to better performance in identifying single-gene perturbations.
short6	vcc_corrected	qwen	61	loop	1	D06	not retained	0.23307039710627436	0.23651867296834334	"{""residual"": {""initial"": false, ""proposed"": true}}"	Introducing a residual connection in the model (D06, D07, D08, D09) will improve the top-1 accuracy on the intervention-macro task by allowing the model to learn more complex representations without increasing the risk of overfitting.
short6	vcc_corrected	qwen	61	loop	2	D07	not retained	0.22010289479039477	0.23651867296834334	"{""residual"": {""initial"": false, ""proposed"": true}, ""server_momentum"": {""initial"": 0.0, ""proposed"": 0.9}}"	Introducing a residual connection in the model (D07, D08, D09) will allow the model to learn more complex representations without increasing the risk of overfitting, thus improving the top-1 accuracy on the intervention-macro task compared to the baseline configuration (D01).
short6	vcc_corrected	qwen	61	loop	3	D10	not retained	0.21010277796915727	0.23651867296834334	"{""lr"": {""initial"": 0.001, ""proposed"": 0.01}, ""weight_decay"": {""initial"": 0.001, ""proposed"": 0.01}}"	Increasing the learning rate to 0.01 while keeping other parameters constant (as in design D10) will lead to faster convergence and potentially better performance on the primary task due to a more aggressive update strategy, although it may also increase the risk of overfitting.
short6	vcc_corrected	qwen	61	loop	4	D08	not retained	0.19935276697890794	0.23651867296834334	"{""lr"": {""initial"": 0.001, ""proposed"": 0.0001}, ""residual"": {""initial"": false, ""proposed"": true}}"	Introducing a residual connection in the model (D08, D09) will allow the model to learn more complex representations without increasing the risk of overfitting, thus improving the top-1 accuracy on the intervention-macro task compared to the baseline configuration (D01).
short6	vcc_corrected	qwen	61	loop	5	D04	not retained	0.23327938352215732	0.23651867296834334	"{""weight_decay"": {""initial"": 0.001, ""proposed"": 0.01}}"	Increasing the weight decay to 0.01 while keeping other parameters constant (as in design D04) will prevent overfitting by penalizing large weights more aggressively, leading to better generalization on the intervention-macro task compared to the baseline configuration (D01).
short6	vcc_corrected	qwen	61	loop	6	D09	not retained	0.18876866928147354	0.23651867296834334	"{""lr"": {""initial"": 0.001, ""proposed"": 0.0001}, ""residual"": {""initial"": false, ""proposed"": true}, ""server_momentum"": {""initial"": 0.0, ""proposed"": 0.9}}"	Introducing a residual connection in the model (D09) will allow the model to learn more complex representations without increasing the risk of overfitting, thus improving the top-1 accuracy on the intervention-macro task compared to the baseline configuration (D01).
short6	norman_double_corrected	luna	61	direct	1	D06	retained	0.4	0.4	"{""residual"": {""initial"": false, ""proposed"": true}}"	Adding a zero-initialized 32-wide residual adapter while retaining the trainable response head will improve intervention-macro Top1 by modeling perturbation-specific expression deviations that the current head cannot represent, without disrupting the shared cold-start function.
short6	norman_double_corrected	luna	61	direct	2	D07	retained	0.42000000000000004	0.42000000000000004	"{""residual"": {""initial"": false, ""proposed"": true}, ""server_momentum"": {""initial"": 0.0, ""proposed"": 0.9}}"	Adding a zero-initialized 32-wide residual adapter while using server momentum will improve intervention-macro Top1 by enabling task-specific corrections without disrupting the frozen scDEBART representation, while momentum stabilizes aggregated head updates.
short6	norman_double_corrected	luna	61	direct	3	D05	not retained	0.35	0.42000000000000004	"{""server_momentum"": {""initial"": 0.0, ""proposed"": 0.9}}"	Adding server momentum 0.9 while keeping the reference learning rate, weight decay, architecture, and proximal coefficient unchanged will improve optimization across heterogeneous clients by smoothing noisy round-to-round updates and preserving intervention-macro signal.
short6	norman_double_corrected	luna	61	direct	4	D03	not retained	0.4	0.42000000000000004	"{""weight_decay"": {""initial"": 0.001, ""proposed"": 0.0}}"	Removing weight decay while keeping the reference learning rate will improve adaptation of the trainable response head by reducing shrinkage toward zero, increasing capacity to fit double-gene response distinctions without changing optimization step size.
short6	norman_double_corrected	luna	61	direct	5	D08	retained	0.517	0.517	"{""lr"": {""initial"": 0.001, ""proposed"": 0.0001}, ""residual"": {""initial"": false, ""proposed"": true}}"	The reference configuration may underfit the intervention-response mapping because the frozen scDEBART representation is insufficiently adaptable; adding a zero-initialized 32-wide residual adapter while training the base head should improve representational flexibility without disrupting initial predictions.
short6	norman_double_corrected	luna	61	direct	6	D11	not retained	0.4	0.517	"{""residual"": {""initial"": false, ""proposed"": true}, ""weight_decay"": {""initial"": 0.001, ""proposed"": 0.01}}"	D11 will improve intervention-macro Top1 over the reference by adding a zero-initialized 32-wide residual adapter and increasing weight decay from 0.001 to 0.01 while keeping lr=0.001; the adapter can model task-specific expression-response corrections, while stronger regularization limits head overfitting.
short6	norman_double_corrected	luna	61	loop	1	D06	retained	0.4	0.4	"{""residual"": {""initial"": false, ""proposed"": true}}"	Adding a zero-initialized 32-wide residual adapter while retaining the trainable response head will improve intervention-macro Top1 by modeling perturbation-specific expression deviations that the current head cannot represent, without disrupting the shared cold-start function.
short6	norman_double_corrected	luna	61	loop	2	D11	not retained	0.4	0.4	"{""residual"": {""initial"": false, ""proposed"": true}, ""weight_decay"": {""initial"": 0.001, ""proposed"": 0.01}}"	Increasing weight decay from 0.001 to 0.01 while retaining the residual adapter will reduce late-round overfitting, preserving intervention-macro generalization after the round-55 peak by constraining adapter and head updates as training loss continues to fall.
short6	norman_double_corrected	luna	61	loop	3	D05	not retained	0.35	0.4	"{""server_momentum"": {""initial"": 0.0, ""proposed"": 0.9}}"	Removing the residual adapter and adding server momentum will improve late-round intervention-macro generalization by reducing residual-path overfitting while smoothing noisy cross-client head updates.
short6	norman_double_corrected	luna	61	loop	4	D04	retained	0.4	0.4	"{""weight_decay"": {""initial"": 0.001, ""proposed"": 0.01}}"	D04 will improve late-round intervention-macro Top1 by increasing weight decay to 0.01 and removing the residual adapter relative to the reference, limiting adapter/head overfitting while retaining a stable moderate learning rate.
short6	norman_double_corrected	luna	61	loop	5	D01	retained	0.521	0.521	"{""lr"": {""initial"": 0.001, ""proposed"": 0.0001}}"	D01 will improve late-round intervention-macro Top1 relative to the reference by reducing the learning rate from 0.001 to 0.0001, slowing head adaptation and limiting the late-round overfitting seen after the round-55 peak while retaining the simpler non-residual model.
short6	norman_double_corrected	luna	61	loop	6	D09	not retained	0.48100000000000004	0.521	"{""lr"": {""initial"": 0.001, ""proposed"": 0.0001}, ""residual"": {""initial"": false, ""proposed"": true}, ""server_momentum"": {""initial"": 0.0, ""proposed"": 0.9}}"	D09 will improve intervention-macro Top1 relative to the reference by adding a zero-initialized 32-wide residual adapter and 0.9 server momentum while retaining the reference low learning rate and weight decay. The low-rate reference avoided the late-round degradation seen at 0.001, while the residual path can model perturbation-specific deviations and momentum can smooth cross-client updates without changing the stable local step size.
short6	norman_double_corrected	qwen	61	direct	1	D06	retained	0.4	0.4	"{""residual"": {""initial"": false, ""proposed"": true}}"	Introducing a residual connection in the model (D06, D07, D08, D09) will improve the top-1 accuracy on the intervention-macro task by allowing the model to learn more complex representations without increasing the risk of overfitting.
short6	norman_double_corrected	qwen	61	direct	2	D07	retained	0.42000000000000004	0.42000000000000004	"{""residual"": {""initial"": false, ""proposed"": true}, ""server_momentum"": {""initial"": 0.0, ""proposed"": 0.9}}"	Introducing a residual connection will improve the model's ability to learn complex mappings between gene perturbations and their expression responses, leading to better performance in identifying the correct five-option perturbation.
short6	norman_double_corrected	qwen	61	direct	3	D08	retained	0.517	0.517	"{""lr"": {""initial"": 0.001, ""proposed"": 0.0001}, ""residual"": {""initial"": false, ""proposed"": true}}"	Introducing a residual connection will improve the model's ability to fit complex patterns in the data, potentially leading to better performance on the primary intervention-macro Top1 metric without compromising stability.
short6	norman_double_corrected	qwen	61	direct	4	D09	not retained	0.48100000000000004	0.517	"{""lr"": {""initial"": 0.001, ""proposed"": 0.0001}, ""residual"": {""initial"": false, ""proposed"": true}, ""server_momentum"": {""initial"": 0.0, ""proposed"": 0.9}}"	Introducing a residual connection in the model will improve its ability to capture complex patterns in the data, thereby enhancing the performance on the primary intervention-macro Top1 metric.
short6	norman_double_corrected	qwen	61	direct	5	D04	not retained	0.4	0.517	"{""weight_decay"": {""initial"": 0.001, ""proposed"": 0.01}}"	Increasing weight decay will stabilize the model training process without significantly impacting the top1 performance on the intervention-macro task.
short6	norman_double_corrected	qwen	61	direct	6	D11	not retained	0.4	0.517	"{""residual"": {""initial"": false, ""proposed"": true}, ""weight_decay"": {""initial"": 0.001, ""proposed"": 0.01}}"	Introducing a residual adapter will improve the model's ability to capture complex patterns in gene expression responses, leading to better performance on the primary development metric without significant changes in training dynamics.
short6	norman_double_corrected	qwen	61	loop	1	D06	retained	0.4	0.4	"{""residual"": {""initial"": false, ""proposed"": true}}"	Introducing a residual connection in the model (D06, D07, D08, D09) will improve the top-1 accuracy on the intervention-macro task by allowing the model to learn more complex representations without increasing the risk of overfitting.
short6	norman_double_corrected	qwen	61	loop	2	D07	retained	0.42000000000000004	0.42000000000000004	"{""residual"": {""initial"": false, ""proposed"": true}, ""server_momentum"": {""initial"": 0.0, ""proposed"": 0.9}}"	Introducing a residual connection in the model (D07, D08, D09) will lead to a more stable learning process and potentially better generalization, as evidenced by a smoother decrease in training loss and a slight improvement in primary development metric compared to the non-residual models.
short6	norman_double_corrected	qwen	61	loop	3	D11	not retained	0.4	0.42000000000000004	"{""residual"": {""initial"": false, ""proposed"": true}, ""weight_decay"": {""initial"": 0.001, ""proposed"": 0.01}}"	Increasing the weight decay to 0.01 while keeping other parameters constant (D11) will reduce overfitting and improve the primary development metric by making the model less sensitive to noise in the training data.
short6	norman_double_corrected	qwen	61	loop	4	D08	retained	0.517	0.517	"{""lr"": {""initial"": 0.001, ""proposed"": 0.0001}, ""residual"": {""initial"": false, ""proposed"": true}}"	Introducing a residual connection in the model (D08, D09) will lead to a more stable learning process and potentially better generalization, as evidenced by a smoother decrease in training loss and a slight improvement in primary development metric compared to the non-residual models.
short6	norman_double_corrected	qwen	61	loop	5	D10	not retained	0.29900000000000004	0.517	"{""lr"": {""initial"": 0.001, ""proposed"": 0.01}, ""weight_decay"": {""initial"": 0.001, ""proposed"": 0.01}}"	Increasing the weight decay to 0.01 while keeping other parameters constant (D10) will reduce overfitting and improve the primary development metric by making the model less sensitive to noise in the training data.
short6	norman_double_corrected	qwen	61	loop	6	D05	not retained	0.35	0.517	"{""server_momentum"": {""initial"": 0.0, ""proposed"": 0.9}}"	Increasing the server momentum to 0.9 while maintaining other hyperparameters (D05) will lead to a more stable learning process and better generalization, as evidenced by a smoother decrease in training loss and an improvement in the primary development metric compared to the baseline model without server momentum (D01).
short6	tahoe_drug_corrected	luna	61	direct	1	D06	not retained	0.3	0.3	"{""residual"": {""initial"": false, ""proposed"": true}}"	Adding a zero-initialized 32-wide residual adapter while training the base response head will improve drug-response representation flexibility without disrupting the shared initialization, increasing intervention-macro Top1 through task-specific correction of scDEBART features.
short6	tahoe_drug_corrected	luna	61	direct	2	D03	not retained	0.3	0.3	"{""weight_decay"": {""initial"": 0.001, ""proposed"": 0.0}}"	Removing weight decay will improve identification by reducing shrinkage of the trainable response head, allowing it to fit drug-specific expression-response distinctions without changing optimization dynamics.
short6	tahoe_drug_corrected	luna	61	direct	3	D05	not retained	0.3	0.3	"{""server_momentum"": {""initial"": 0.0, ""proposed"": 0.9}}"	Adding server momentum will improve aggregation under heterogeneous client updates by smoothing round-to-round direction noise, improving intervention-macro Top1 without changing the local optimization dynamics.
short6	tahoe_drug_corrected	luna	61	direct	4	D07	not retained	0.2833333333333333	0.3	"{""residual"": {""initial"": false, ""proposed"": true}, ""server_momentum"": {""initial"": 0.0, ""proposed"": 0.9}}"	D07 will improve intervention-macro Top1 by adding a zero-initialized 32-wide residual adapter and server momentum, enabling client-specific response corrections while momentum stabilizes their aggregation; the higher-capacity path may also risk overshooting.
short6	tahoe_drug_corrected	luna	61	direct	5	D08	not retained	0.26666666666666666	0.3	"{""lr"": {""initial"": 0.001, ""proposed"": 0.0001}, ""residual"": {""initial"": false, ""proposed"": true}}"	D08 tests whether the frozen scDEBART representation is under-flexible for drug-response identification; adding a zero-initialized 32-wide residual adapter while retaining the trainable base head should improve intervention-specific features, though its lower learning rate may slow adaptation.
short6	tahoe_drug_corrected	luna	61	direct	6	D11	retained	0.3	0.3	"{""residual"": {""initial"": false, ""proposed"": true}, ""weight_decay"": {""initial"": 0.001, ""proposed"": 0.01}}"	D11 will improve intervention-macro Top1 by adding a zero-initialized 32-wide residual adapter while retaining the trainable base response head; the higher weight decay may regularize the expanded trainable capacity and limit overfitting.
short6	tahoe_drug_corrected	luna	61	loop	1	D06	not retained	0.3	0.3	"{""residual"": {""initial"": false, ""proposed"": true}}"	Adding a zero-initialized 32-wide residual adapter while training the base response head will improve drug-response representation flexibility without disrupting the shared initialization, increasing intervention-macro Top1 through task-specific correction of scDEBART features.
short6	tahoe_drug_corrected	luna	61	loop	2	D05	not retained	0.3	0.3	"{""server_momentum"": {""initial"": 0.0, ""proposed"": 0.9}}"	Adding server momentum 0.9 while keeping the reference learning rate, weight decay, and non-residual architecture will improve cross-client update aggregation, reducing federated oscillation and improving intervention-macro Top1 beyond the reference plateau.
short6	tahoe_drug_corrected	luna	61	loop	3	D04	retained	0.3	0.3	"{""weight_decay"": {""initial"": 0.001, ""proposed"": 0.01}}"	Increasing weight decay from 0.001 to 0.01 while keeping the reference learning rate and non-residual architecture will reduce late-round overfitting of the response head, improving intervention-macro Top1 and development cross-entropy.
short6	tahoe_drug_corrected	luna	61	loop	4	D11	not retained	0.3	0.3	"{""residual"": {""initial"": false, ""proposed"": true}, ""weight_decay"": {""initial"": 0.001, ""proposed"": 0.01}}"	Adding a zero-initialized 32-wide residual adapter while retaining the reference weight decay will improve task-specific correction of frozen scDEBART features without the instability seen with server momentum, modestly improving intervention-macro Top1 and development cross-entropy.
short6	tahoe_drug_corrected	luna	61	loop	5	D10	not retained	0.2	0.3	"{""lr"": {""initial"": 0.001, ""proposed"": 0.01}, ""weight_decay"": {""initial"": 0.001, ""proposed"": 0.01}}"	Increasing the learning rate to 0.01 while retaining weight decay 0.01 will accelerate response-head adaptation while regularization limits overfitting, improving intervention-macro Top1 over the reference plateau.
short6	tahoe_drug_corrected	luna	61	loop	6	D03	not retained	0.3	0.3	"{""weight_decay"": {""initial"": 0.001, ""proposed"": 0.0}}"	Reducing weight decay from 0.01 to 0 while retaining the reference learning rate and non-residual architecture will allow the response head to preserve discriminative drug-response directions that may be suppressed by regularization, improving intervention-macro Top1 and development cross-entropy.
short6	tahoe_drug_corrected	qwen	61	direct	1		invalid		0.3	{}	
short6	tahoe_drug_corrected	qwen	61	direct	2	D06	not retained	0.3	0.3	"{""residual"": {""initial"": false, ""proposed"": true}}"	Introducing a residual connection will improve the model's ability to learn complex mappings between drug perturbations and expression responses, potentially leading to better performance in identifying drug perturbations.
short6	tahoe_drug_corrected	qwen	61	direct	3	D07	not retained	0.2833333333333333	0.3	"{""residual"": {""initial"": false, ""proposed"": true}, ""server_momentum"": {""initial"": 0.0, ""proposed"": 0.9}}"	Introducing a residual connection (adapter) in the model will improve the ability of the model to capture complex patterns in the data without overfitting, leading to better generalization performance on the development set.
short6	tahoe_drug_corrected	qwen	61	direct	4		invalid		0.3	{}	
short6	tahoe_drug_corrected	qwen	61	direct	5	D08	not retained	0.26666666666666666	0.3	"{""lr"": {""initial"": 0.001, ""proposed"": 0.0001}, ""residual"": {""initial"": false, ""proposed"": true}}"	Introducing a residual connection (adding a zero-output-initialized 32-wide adapter) will improve the model's ability to capture complex patterns in the data, potentially leading to better performance on the drug perturbation five-option identification task.
short6	tahoe_drug_corrected	qwen	61	direct	6	D09	not retained	0.26666666666666666	0.3	"{""lr"": {""initial"": 0.001, ""proposed"": 0.0001}, ""residual"": {""initial"": false, ""proposed"": true}, ""server_momentum"": {""initial"": 0.0, ""proposed"": 0.9}}"	Introducing a residual connection with a 32-wide adapter will improve the model's ability to capture complex patterns in the data, thereby enhancing its performance on the drug perturbation task.
short6	tahoe_drug_corrected	qwen	61	loop	1		invalid		0.3	{}	
short6	tahoe_drug_corrected	qwen	61	loop	2	D06	not retained	0.3	0.3	"{""residual"": {""initial"": false, ""proposed"": true}}"	Introducing a residual connection will improve the model's ability to learn complex mappings between drug perturbations and expression responses, leading to better performance on the primary development metric without significantly increasing computational complexity.
short6	tahoe_drug_corrected	qwen	61	loop	3		invalid		0.3	{}	
short6	tahoe_drug_corrected	qwen	61	loop	4	D07	not retained	0.2833333333333333	0.3	"{""residual"": {""initial"": false, ""proposed"": true}, ""server_momentum"": {""initial"": 0.0, ""proposed"": 0.9}}"	Introducing a residual connection will improve the model's ability to learn complex mappings between drug perturbations and expression responses, leading to better performance on the primary development metric without significantly increasing computational complexity.
short6	tahoe_drug_corrected	qwen	61	loop	5	D09	not retained	0.26666666666666666	0.3	"{""lr"": {""initial"": 0.001, ""proposed"": 0.0001}, ""residual"": {""initial"": false, ""proposed"": true}, ""server_momentum"": {""initial"": 0.0, ""proposed"": 0.9}}"	Introducing a residual connection will improve the model's ability to learn complex mappings between drug perturbations and expression responses, leading to better performance on the primary development metric without significantly increasing computational complexity.
short6	tahoe_drug_corrected	qwen	61	loop	6	D05	not retained	0.3	0.3	"{""server_momentum"": {""initial"": 0.0, ""proposed"": 0.9}}"	Introducing a residual connection will improve the model's ability to learn complex mappings between drug perturbations and expression responses, leading to better performance on the primary development metric without significantly increasing computational complexity.
